year,month,nao,nino34,amo,scand,nino34_cpc,pdo,nao_lag0,nao_lag1,nao_lag2,nao_lag3,nao_lag6,nino34_lag0,nino34_lag1,nino34_lag2,nino34_lag3,nino34_lag6,amo_lag0,amo_lag1,amo_lag2,amo_lag3,amo_lag6,scand_lag0,scand_lag1,scand_lag2,scand_lag3,scand_lag6,nino34_cpc_lag0,nino34_cpc_lag1,nino34_cpc_lag2,nino34_cpc_lag3,nino34_cpc_lag6,pdo_lag0,pdo_lag1,pdo_lag2,pdo_lag3,pdo_lag6
1981,1,-0.08,26.18,-0.189,-0.75,-0.36,1.378,-0.08710198382707544,,,,,-0.8463995040874284,,,,,-0.9933529325116519,,,,,-0.7467906478578591,,,,,-0.35520007048247443,,,,,1.2886641050779044,,,,
1981,2,0.6,26.11,-0.188,0.59,-0.64,1.498,0.5721567516221753,-0.08547660509248775,,,,-0.9151772090315752,-0.8504693000465933,,,,-0.9886013789787053,-0.9914007791184024,,,,0.6166689030351714,-0.7472015568708166,,,,-0.6633111000832366,-0.35757370770940894,,,,1.402506634879154,1.2866684489704807,,,
1981,3,-1.65,26.64,-0.007,-0.87,-0.64,1.486,-1.6092140642025514,0.5734019137934132,-0.08570662475058033,,,-0.39443172874017957,-0.9193212554414476,-0.8540012090679318,,,-0.12857018951536264,-0.986642072565836,-0.9893843826972005,,,-0.8688915031617126,0.6150643773725929,-0.7465107316001038,,,-0.6633111000832366,-0.6657121174931736,-0.35992630870627257,,,1.391122381899029,1.4003941423423507,1.2843922620698172,,
1981,4,0.25,27.29,-0.103,-1.34,-0.53,1.385,0.23283240249388448,-1.6067108325202295,0.5724431743049746,-0.08411585276273657,,0.2442183885983217,-0.3980135931661228,-0.9229038830237103,-0.8557935691523854,,-0.5847193286782404,-0.12531618655132926,-0.9846193305347998,-0.987953059427862,,-1.3471198531018054,-0.8691955211314204,0.6142235068885229,-0.7450279394428344,,-0.5422674813115086,-0.6657121174931736,-0.6680859764024905,-0.3609704389173873,,1.2953049193163106,1.3890215730051636,1.3980331101873733,1.282160631596236,
1981,5,0.24,27.36,-0.091,1.42,-0.57,1.55,0.22313742109021903,0.23427326436684653,-1.6052583666876703,0.5736328285016556,,0.31299609354246843,0.2413259926432351,-0.40121220878710195,-0.9246792500465846,,-0.5277006862828807,-0.5821520155976975,-0.12214488914027158,-0.9831744240799811,,1.4611998188868247,-1.347005214485452,-0.8683675290766972,0.6143237047906736,,-0.586283342683046,-0.5446577422209804,-0.6680859764024905,-0.6688987967586238,,1.4518383977930287,1.2933024477505066,1.3866690253756175,1.3957064923096096,
1981,6,-0.15,27.27,-0.07,-1.07,-0.46,1.971,-0.1549668536527336,0.22458387438323033,0.2336896012616743,-1.6027414845055246,,0.22456761575713743,0.31017794803808946,0.23859833508798103,-0.4031162375619346,,-0.42791806209100125,-0.5250475369669015,-0.5795898967307395,-0.11824142611355021,,-1.072392928668135,1.458855963508436,-1.3456399858600216,-0.8667609225085218,,-0.46523972391131807,-0.5886775150472324,-0.5470232498075478,-0.6688987967586238,,1.8512359398457454,1.4496752761368277,1.2910213115433415,1.3843519062382723,
1981,7,0.08,26.65,-0.102,0.7,-0.64,1.114,0.0680177186315718,-0.15330233497780105,0.22401092774615142,0.2350857131449832,-0.08579829673666717,-0.3846063423195891,0.2216540053875629,0.3075010090437596,0.23653651359848235,-0.8551471870895647,-0.5799677751452937,-0.4251146993630085,-0.522409270781931,-0.5769904195101103,-0.9815308004719131,0.7285946870637037,-1.0725187948990935,1.4570663561016275,-1.343548439515797,-0.7471856148991154,-0.6633111000832366,-0.4676231397750392,-0.5910460594784359,-0.5479269418924237,-0.3604786977579212,1.0382105395151557,1.8486629170498043,1.4472774777049808,1.2887841401378497,1.2766681535887863
1981,8,0.38,26.33,-0.123,-0.05,-0.53,0.724,0.35886716074153535,0.06955363464537132,-0.15345733935924039,0.22541293842050683,0.5726444937825017,-0.6990187077785446,-0.38817759953828845,0.21891185681490194,0.30542219449268154,-0.9238691748127931,-0.6797503993371734,-0.5773933090451311,-0.4223431753715162,-0.5196467953355403,-0.9767386824653287,-0.03453565858538048,0.7268921779448131,-1.0714621915376863,1.4563101709950106,0.6117378182036356,-0.5422674813115086,-0.6657121174931736,-0.46998333288349337,-0.5919167072983146,-0.6674650701836655,0.6682223176610951,1.0364719235523672,1.8459674531840728,1.4449096986187384,1.3898605170109002
1981,9,-1.27,26.53,-0.044,-0.06,-0.19,0.926,-1.2408047708632644,0.360235334153857,0.06915215149778554,-0.15182527583407107,-1.6060265042588657,-0.5025109793666949,-0.7029293956290502,-0.39136896965056417,0.2168548904858545,-0.40354555347977944,-0.30437767023438844,-0.6773261466490242,-0.5748248445683388,-0.4192954530300428,-0.10936532327355591,-0.0447107298607016,-0.03557009868396086,0.7259255712420668,-1.0696492276180005,-0.8688802506993618,-0.16813265965344035,-0.5446577422209804,-0.6680859764024905,-0.47094485243211465,-0.6674650701836655,0.8598572428265316,0.6668634200937903,1.0343823962111944,1.8432664266214909,1.3785412806686888
1981,10,-0.96,26.42,-0.194,-1.35,-0.3,0.198,-0.9402603473496353,-1.2385140131428143,0.35951235696347156,0.07064854282888514,0.23374011630940011,-0.6105902299932101,-0.5062095230723215,-0.7063526220198367,-0.39327542600562243,0.23458718966447975,-1.017110700176385,-0.30138832899628365,-0.6748909399787537,-0.5722117841622295,-0.5694086519056563,-1.3572949243771266,-0.04573626237234451,-0.03567941298664208,0.7259122726008869,-1.3455175742503267,-0.28917627842516824,-0.17048967319783756,-0.5470232498075478,-0.6688987967586238,-0.5468632810164089,0.16921256203228505,0.8583016706031046,0.6650496398291377,1.0323597380268144,1.2832710414550765
1981,11,-0.53,26.29,-0.144,-0.69,-0.41,0.676,-0.5233761469920208,-0.9381429236507125,-1.2374687730978016,0.3608317845631759,0.2240571340958829,-0.7383202534609131,-0.6144054529785202,-0.5094878392890387,-0.7081813958076748,0.3033091773877081,-0.7795330235290527,-1.015194311881234,-0.29845181914909774,-0.672563126467727,-0.5119032358266438,-0.6857402202059324,-1.3571713781738357,-0.045834146109691526,-0.0349188715596586,1.4534590491553396,-0.4102198971968962,-0.2915440484700308,-0.17282936760499745,-0.5479269418924237,-0.5907184770772294,0.6226853057405953,0.16836579748042754,0.8563450674936901,0.6633356907083499,1.4389105411604828
1981,12,-0.11,26.4,-0.014,-0.47,-0.2,0.679,-0.11618692803807179,-0.5214991543552163,-0.9374298941165926,-1.2351760449754232,-0.15357917223128748,-0.6302410028343979,-0.7422733701403945,-0.6177634697909755,-0.5113651646813895,0.21495233602927213,-0.16183106424598914,-0.7772589842529173,-1.013209643509204,-0.2950509339851411,-0.41126875768837184,-0.46188865214886765,-0.6862045747405146,-1.355794718983071,-0.04506328681513253,-1.0717046436997724,-0.1791366249963247,-0.41259842374222405,-0.2938920941999402,-0.17401393594235084,-0.4701166879099728,0.6255313689856266,0.6213731427450424,0.16692392224718447,0.8544712229091954,1.836027082833065
1982,1,-1.55,26.67,-0.089,-0.77,0.13,0.218,-1.512264250165897,-0.11454477504333632,-0.5212469329491094,-0.935320028516656,0.06912941867960788,-0.36495556947840135,-0.6340774402341959,-0.745725578565995,-0.6196140918008443,-0.39372812666217744,-0.5181975792169874,-0.1586271324192936,-0.7749570353891684,-1.0118462361672662,-0.564616533899072,-0.7671407904085014,-0.4625489735960742,-0.685582332861807,-1.353692854771271,0.7232912343538614,0.1839942313188592,-0.1814946164044006,-0.41495482079488294,-0.29498579080855086,-0.6674650701836655,0.18818631699915994,0.6242162850793391,0.6195933005821154,0.16562633458139553,1.0276449540601365
1982,2,0.86,26.59,-0.086,0.73,-0.17,0.097,0.824226268117477,-1.5098169326840678,-0.11474264529714893,-0.5193907153641726,0.3596188850851236,-0.443558660843142,-0.3685056122826128,-0.6374499480640581,-0.7475446420329305,-0.707885784825506,-0.5039429186181474,-0.5155301238617688,-0.15550025427707653,-0.7729144687732245,-0.6652510120373439,0.7591199008896671,-0.7675338842475838,-0.4621782041547191,-0.6841614479099908,-0.03730023939767826,-0.14612472896767162,0.18166850941217924,-0.18383507002271954,-0.4159576456747509,-0.5468632810164089,0.07339509944956676,0.1873200797090725,0.6224343217850543,0.6179173464230004,0.6597697729382671
1982,3,0.8,27.41,-0.088,0.72,0.13,0.033,0.7660563796954843,0.8253260533674341,-1.5084716315324418,-0.11313417693616563,-1.2380731801452127,0.36212302564543086,-0.44719356130530497,-0.37168249137748155,-0.6392957149134756,-0.511537248473423,-0.5134460256840407,-0.5012540042040698,-0.5128791664571296,-0.15169187354871605,-0.2866736895171779,0.7489448296143459,0.757390669009964,-0.7668201978462027,-0.4609843122895641,-0.04744145904769878,0.1839942313188592,-0.14847978678471152,0.17935310976210875,-0.18501137729382358,-0.17409411449943352,0.012679083555567076,0.07264667222577041,0.18586406360011043,0.6207559929408347,0.8503102513654919
1982,4,-0.04,28.03,-0.19,-1.57,0.21,-0.257,-0.04832205821241363,0.767189713465737,0.8240886857085692,-1.5060137372607612,-0.9379007315261798,0.9712969837221574,0.35935791617727164,-0.4504284044698014,-0.3735938028929911,-0.6195289434670666,-0.9981044860445986,-0.5107714173092025,-0.49858400996992747,-0.5100895246397785,-1.005491390504835,-1.5811464924341911,0.7472245053215804,0.7563897706112153,-0.7653167699537823,-1.3556587939003473,0.2720259540619341,0.18166850941217924,-0.1508179627695533,0.1779041873047766,-0.29469590366669024,-0.2624403634641191,0.011992969094106503,0.07127620841490825,0.18455064470029112,0.16360991327133562
1982,5,-0.44,28.39,-0.199,-0.86,0.45,-0.649,-0.4361213143590317,-0.046719045158022984,0.766016644615432,0.825124971338041,-0.5215324963449407,1.3250108948634813,0.969189521103123,0.3567172047264591,-0.45232029534350593,-0.7471554920959211,-1.0408684678411184,-0.9961594856709688,-0.5081141142947289,-0.49575361859613604,-0.7658854901756159,-0.8587164318863915,-1.580826979318276,0.7462350374881658,0.7563455183673088,-0.6863382969989922,0.5361211222911587,0.2697080550646834,0.17935310976210875,-0.1520190532394054,-0.41529769283394696,-0.6343259608148673,-0.2628441232212456,0.010667756085545106,0.07005856848097274,0.6144928275694217
1982,6,-1.34,28.26,-0.192,-0.95,0.53,-0.523,-1.3086696406889224,-0.43429464450267063,-0.046991930688488864,0.7670883229911829,-0.11484724337721873,1.1972808713957819,1.3232852917052291,0.9669980311919252,0.3546262522742529,-0.6391637971022777,-1.0076075931104918,-1.038987844644066,-0.9941494348596012,-0.5053108892918977,-0.14291014931964657,-0.9502920733642816,-0.8590293574430367,-1.579198847690159,0.7462011031118349,-0.4632314646985405,0.6241528450342336,0.533826692022196,0.2673987291038853,0.1779041873047766,-0.18505791351463868,-0.5147913045235554,-0.6343480549026871,-0.2639642935318816,0.009500776100506805,0.6173226366549746
1982,7,1.18,27.66,-0.236,0.39,0.37,0.675,1.1344656730347715,-1.3063397430281278,-0.4341388713094036,-0.04542475386483114,-1.509196682123694,0.6077576861602396,1.1954173745433583,1.321354640107356,0.9647565687657298,-0.3740932730269663,-1.216675948560144,-1.0056768987761013,-1.0370349043212075,-0.9927316947757429,-0.502318999813475,0.41316747752874894,-0.9505248306384896,-0.8582127959536477,-1.5768699903916976,-0.7674680541991565,0.44808939954808386,0.6218662376747003,0.5315355871292149,0.2658837181165584,0.17674745398713154,0.6217366179922516,-0.5149360768622238,-0.6351910640492309,-0.2649017206234794,0.1824753071750212
1982,8,0.21,27.58,-0.317,-0.5,0.73,0.569,0.19405247687922267,1.1353865328431523,-1.3052194877064616,-0.4323357428438854,0.8244020313339487,0.529154594795499,0.6052577568731791,1.1933925313323401,1.3190257847930378,-0.45263268756780023,-1.6015517847288223,-1.2150599870890202,-1.0036795391844027,-1.0357394129066704,-0.4879426457937219,-0.49241386597483106,0.4117411036049199,-0.9496053940610928,-0.8566165072530477,0.753714893303923,0.8442321518919208,0.4457871463696918,0.6195812064709916,0.5298223105519041,-0.1521665164690232,0.5211757166678145,0.6204254286336102,-0.5158681735257972,-0.6358181989538333,0.06833967405772327
1982,9,1.86,28.21,-0.315,-0.3,1.49,1.089,1.7937244084840225,0.19551570443238178,1.133806238205301,-1.3028854680467576,0.7663041380528456,1.1481539392928195,0.5265698078504868,0.6027981831399531,1.1910952345609551,0.3523963114757288,-1.592048677662929,-1.6005152178468933,-1.2133418343300337,-1.0022889654715046,-0.49752688180689064,-0.2889124404684085,-0.49304746466122523,0.4111288444275339,-0.9479162445523132,0.7435736736539026,1.680533517951132,0.8419651018059606,0.4434899677874384,0.6178018413636859,0.17674745398713154,1.0144933458065621,0.5199677328217918,0.6186462935144691,-0.5165950452047909,0.007970413565929308
1982,10,-0.29,28.71,-0.379,1.47,1.99,0.545,-0.2906965933040499,1.7942650517290535,0.1949749071995828,1.1346537625212842,-0.047066367882598395,1.6394232603224368,1.146237406404176,0.5240522700476332,0.600646541182106,0.9610767741671784,-1.8961481037715142,-1.5909978047417608,-1.599311059484491,-1.2125489207782612,-0.9863229184784974,1.5120751752634303,-0.28972419089355217,-0.4926424035238675,0.4114353996811948,-1.578765626200799,2.23073178509535,1.6783407855047505,0.8396952548254328,0.44184277974012215,0.2644578461087728,0.4984072107075647,1.012779070766561,0.5182635443439613,0.6169711309170557,-0.265577798037512
1982,11,1.55,28.62,-0.425,0.21,1.92,-0.211,1.4931799849703933,-0.28895379474842775,1.791956037260856,0.19639461424707774,-0.434385656423286,1.5509947825371058,1.6380370877959909,1.1441763356496406,0.5219200487315913,1.3145041396009223,-2.1147195662870595,-1.8955550241060062,-1.5897809551596898,-1.5996183839566087,-1.0294519805377569,0.23001619457296874,1.5096867819503543,-0.2895477410628784,-0.4914175580559859,-0.8587390310493412,2.1537040276951593,2.228587945832902,1.67612863857231,0.8377506683931405,0.5275890224736967,-0.21880072704030679,0.4972225941474179,1.0107072195200368,0.5166722872869088,-0.63533951854975
1982,12,1.56,28.8,-0.388,-0.28,2.2,0.164,1.5028749663740588,1.4938939622369516,-0.28895876857656055,1.7924024437856767,-1.305854055639833,1.7278517381077678,1.5495131451454642,1.6363382924766285,1.1418911767793838,1.186877590972071,-1.938912085568034,-2.1144555255240576,-1.894744293553335,-1.590061113260847,-0.9959071544916662,-0.26856229791776637,0.22875015721401412,1.5078400217168748,-0.2885292529465071,-0.9500100078995259,2.4618150572959223,2.1515533433869605,2.2264137594584135,1.6735562111050684,0.615299414595338,0.1369571785885977,-0.21924927409536216,0.4955353747204502,1.0087043503781947,-0.5164875369565307
1983,1,1.34,28.89,-0.306,-1.33,2.35,0.42,1.2895853754934188,1.5035833522205677,1.491917158279647,-0.28724412197674004,1.134257462166499,1.8162802158930988,1.7265610304465173,1.5477491402477708,1.6339317545950902,0.5978319819158291,-1.549284695866409,-1.9383833830791033,-2.1139366930237675,-1.8958937755252205,-1.2067603467813788,-1.3369447818264844,-0.2693918635167849,0.22834364821264372,1.5070322472723803,0.40891342520322516,2.6268745374391873,2.459691753170725,2.149373842534359,2.2234282786787047,0.4398786303520553,0.3798212421645965,0.13614351769173105,-0.22040196842015183,0.49396311514423424,0.6135495578742375
1983,2,-1.04,28.69,-0.112,0.47,1.94,1.084,-1.017820198578959,1.2904167725810116,1.50159583179517,1.4925464273269096,0.19500818745533136,1.6197724874812527,1.815084973097044,1.7249274447054863,1.5453644505882633,0.5192925673749952,-0.6274833104747602,-1.5481694457686637,-1.9376297630149413,-2.115711001527739,-1.5949219053147135,0.4945680477313179,-1.3368390507970684,-0.26923827481677953,0.22883592508266384,-0.4936551236486021,2.175711958380928,2.6247659012691704,2.457533510230577,2.1464461892183957,0.8345753948994411,1.0097499070648435,0.37875833021838673,0.1347256819472103,-0.22137580735001955,0.5135629701847036
1983,3,0.59,28.66,0.073,-0.52,1.38,1.813,0.5624617702185098,-1.015658043519642,1.2886650144536669,1.5022192020513858,1.792700252685668,1.5902963282194744,1.6183651005403188,1.8135165969343439,1.7224990586019173,1.1377904568840502,0.2515540931203688,-0.6249803745707945,-1.5468954856980832,-1.9389014936561482,-1.5853376693015448,-0.5127640085254733,0.49307041311198907,-1.3354852527369723,-0.26824042243555923,-0.2908307306481915,1.5594898991794042,2.1735632298000866,2.6226190464964083,2.4543745470596323,1.667824120055033,1.7013432756074336,1.0080405002093997,0.3771594912646628,0.133455007379273,1.0040632116805295
1983,4,-1.07,28.77,0.051,1.24,0.95,1.577,-1.0469051427899554,0.563712523809797,-1.0148592822407756,1.289418158112906,-0.28914092322052815,1.6983755788459898,1.5888571196568086,1.6166518142035495,1.8110663626087442,1.6286617977642508,0.14701991539554266,0.2553803376539776,-0.6224753661923459,-1.5470533951299197,-1.892033221722945,1.2780485359310445,-0.5133797920379926,0.49236670941192945,-1.3334040242603231,1.5041651474054423,1.0863193894353766,1.5572864102325572,2.1713852473698028,2.6193361673317233,2.216014070815291,1.4774529669983099,1.698924087443509,1.0059721841818055,0.3756861769011367,0.49092449750028094
1983,5,-0.01,28.84,-0.056,1.48,0.9,1.351,-0.019237114001417272,-1.0447262134704907,0.5627645007894517,-1.012702226312467,1.492527804066635,1.7671532837901365,1.6970530495630074,1.587122096793929,1.6142501314824624,1.5403049564058149,-0.36139631262974825,0.1506887934975182,0.259059283851785,-0.6199981376410378,-2.1124706500258266,1.5222502465387515,1.2758650171175303,-0.5129518697699664,0.4925907217249863,0.22637147150285553,1.031299562720955,1.0840738523503473,1.555065911977367,2.168441071921341,2.139267477708855,1.2630495358726233,1.4752635571454982,1.6963403364959573,1.003973272848471,-0.22218739205903512
1983,6,1.31,28.27,-0.062,-0.55,0.54,1.904,1.2605004312824224,-0.01765087520717441,-1.043895302787344,0.5639600537771793,1.5022107862801521,1.2071062578163723,1.7659050049578617,1.6953977272958658,1.5847276968135189,1.7170186391226867,-0.38990563382742804,-0.35849280762707975,0.15422813627896945,0.2640494017169165,-1.9351622837822045,-0.5432892223514367,1.519852945638738,1.2742811598867374,-0.5117063885669338,-0.27054829134815045,0.635156810377118,1.029049136317532,1.0818207080153184,1.552584356238868,2.4462538501345996,1.7876738607067144,1.26108016796181,1.4728466685314308,1.6937643766822155,0.13153874363507007
1983,7,1.22,27.18,-0.023,0.74,-0.11,2.627,1.1732455986494332,1.261348602630163,-0.017955910141920262,-1.041720550485896,1.289185177582774,0.13613913797180643,1.2052533681711926,1.7643004012516446,1.6929766239329738,1.8053754804811226,-0.20459504604250894,-0.38704504694247777,-0.3556324450979063,0.15891942406353815,-1.5422086072422854,0.7692949721649882,-0.5438782831031436,1.5179947548399242,1.2737106963964797,-1.3353763546003063,-0.08010093691036543,0.6328711808812633,1.0267921959267081,1.0796943781255406,2.610710835362677,2.4735751027592423,1.7851660715838436,1.2588230712433672,1.4704575172792473,0.37301578560224585
1983,8,1.95,26.59,-0.166,-0.44,-0.27,1.572,1.8809792411170114,1.1741440927776172,1.2596289939070984,-0.016406429691402075,-1.0153645892343173,-0.443558660843142,0.13313006273703637,1.2032357704688779,1.7618623048271729,1.6090269441290432,-0.8840672012538789,-0.20145549139239063,-0.3842227580723105,-0.3523945581597111,-0.6125377139649157,-0.43136343832290425,0.7675568326983477,-0.5434160691391148,1.5171766625278542,0.49004318240338934,-0.25616438239651523,-0.08245012754533336,0.6305869088887136,1.024707171368177,2.1611950757392653,1.4727095282565912,2.4703633741493594,1.7825179796517705,1.256612812935727,0.9993468632046081
1983,9,-0.95,26.2,-0.224,0.06,-0.52,0.757,-0.9305653659459697,1.881469561581599,1.1725209322673924,1.260399833939477,0.5629615115689846,-0.8267487312462442,-0.44719356130530497,0.13032270458604422,1.2009360461172673,1.57957466367623,-1.1596573061647844,-0.8819505284093767,-0.1983857237386829,-0.3810663702469961,0.27400411725319446,0.07739012544315188,-0.4320504825309233,0.7665445037342647,-0.5421396343333557,-0.5139375629486432,-0.5312635159686242,-0.25852921885034175,-0.0847837482632209,0.6287992827151586,1.5472223308877762,0.6995290133564387,1.4705249865883372,2.4672040895600444,1.7798699877231903,1.6869904709939485
1983,10,1.22,25.56,-0.203,-1.87,-1.16,0.865,1.1732455986494332,-0.9284535336670963,1.8790640989005618,1.1733448614191897,-1.044413535874869,-1.455573462164155,-0.8307973127909211,-0.4504284044698014,0.1282875864790275,1.6875663586698735,-1.059874681972905,-1.1579555084582243,-0.8797881829619841,-0.19469959167964357,0.16857752110833807,-1.886398630693825,0.07625770188825931,-0.43171400478557076,0.7664899336227827,1.2709170954549702,-1.2355172979132232,-0.5336527990144173,-0.260874986946774,-0.08603440513056898,1.0757789732339544,0.8019872901775631,0.6981379857710546,1.4681116331931994,2.4639837985212663,1.4643788229304582
1983,11,-1.16,25.41,-0.166,-1.83,-1.29,1.126,-1.1341599754229443,1.1741440927776172,-0.9277512206010697,1.8794574163059636,-0.018017421242046826,-1.6029542584730387,-1.4603009049724447,-0.8343147307948526,-0.45232029534350593,1.7562883463931018,-0.8840672012538789,-1.0580226708543312,-1.1561612083812252,-0.8780444464266028,-0.3441791055961905,-1.8456983455925404,-1.8858118899697858,0.07602265136690191,-0.4305510665231423,1.5143063670554628,-1.37856884737072,-1.2379691642344508,-0.5360175473898257,-0.2619934667541327,1.0209599781579288,1.0495947924952806,0.8004911098057373,0.6963008730614656,1.4657264397495235,1.2511998718188109
1983,12,0.18,25.57,-0.011,-1.87,-1.03,1.4,0.1649675326682263,-1.1319307233230362,1.1725209322673924,-0.9256472537921795,1.2601362309422224,-1.445748075743561,-1.6078408093899876,-1.4642820355333979,-0.8361119460397575,1.1966950177896731,-0.14757640364714922,-0.8819505284093767,-1.0560951129708105,-1.1552052966036912,-0.3729318136356968,-1.886398630693825,-1.845147235216251,-1.8838408413816428,0.07666969625055475,-0.5443612218987048,-1.0924657484557267,-1.3810334259197703,-1.240382502124038,-0.536929500540951,0.6262632136105432,1.309535235541467,1.047844492889554,0.7985776363672659,0.6945608024045276,1.772828013255718
1984,1,1.42,25.88,-0.114,-0.46,-0.67,1.286,1.3671452267227424,0.16644753448153318,-1.1310033644270499,1.1733448614191897,1.1729893910205675,-1.1411610967051995,-1.4504649113446069,-1.611930622581493,-1.4659238856438623,0.1265954946708362,-0.6369864175406535,-0.1443510127615946,-0.8797881829619841,-1.0548539542981938,-0.186039211378906,-0.4517135808735465,-1.8858118899697858,-1.8432219088894448,-1.881202448055916,0.7638561129539436,-0.6963229961118897,-1.0949049025491315,-1.3834566335544252,-1.2407657470352056,-0.08638372237779224,1.20138483223028,1.3075181594219902,1.04574648102295,0.7967520770465638,2.4548120028739526
1984,2,0.37,26.56,-0.096,1.31,-0.19,1.129,0.34917217933786987,1.3679318924499408,0.1659388866530142,-1.1287755230061831,1.8798470926073225,-0.47303482010492015,-1.145549108881683,-1.4544387963968566,-1.6135360589885728,-0.45263268756780023,-0.551458453947614,-0.6344977876759271,-0.14120509778987442,-0.8780444464266028,-0.8713120863204724,1.3492740348582923,-0.45238280990769064,-1.8838408413816428,-1.84062478703402,-0.43280780574847894,-0.16813265965344035,-0.6987269471128628,-1.0973083706936513,-1.3837324846043515,-0.2618045066210748,1.052440855740312,1.199478750718714,1.305226417558036,1.0437143240981515,1.459662474454537
1984,3,-0.79,26.77,-0.133,1.46,-0.52,1.461,-0.7754456634873226,0.3505459441702408,1.3660944025778499,0.16737629007364868,-0.9282177493126627,-0.26670170527248,-0.476701542188815,-1.1492983831641252,-1.4560830740875466,-0.8355123334543572,-0.7272659346666398,-0.5488410697297332,-0.6320054705171473,-0.13735596750507356,-1.1492549307023663,1.5019001039881092,1.347028162936216,-0.4520234710316697,-1.881202448055916,0.07425317675254758,-0.5312635159686242,-0.17048967319783756,-0.7011030836556568,-1.0977990094660603,-0.5358994820012037,1.3674051881904354,1.050687635223851,1.1972676118463579,1.3029773727270213,0.6908976728793484
1984,4,-0.45,27.14,-0.165,1.51,-0.68,1.104,-0.44581629576269716,-0.7734232939292374,0.3498336834479487,1.3668003559087167,1.1729893910205675,0.09683759228943788,-0.27014567600425193,-0.47995812187942183,-1.15101791584181,-1.4638276497810143,-0.8793156477209323,-0.7249132121746876,-0.5462345315939345,-0.6295554083367996,-1.0486204525640945,1.5527754603647148,1.4995206182619707,1.3453642917480837,-0.45083989703409016,-1.883002215701415,-0.707326961454774,-0.5336527990144173,-0.17282936760499745,-0.7018911208130421,-1.2375826189743337,1.0287236620317184,1.3653287202193576,1.0485875022258888,1.1951088050493164,0.7927707999592507
1984,5,0.55,27.2,-0.174,0.98,-0.73,0.997,0.523681844603848,-0.4439840344862868,-0.772892444352704,0.35115900983869947,-1.1315603757965236,0.1557899108129907,0.09378608822569204,-0.27325010001208605,-0.4818427300124494,-1.6110890520450731,-0.9220796295174521,-0.8771918218568104,-0.7225414616027609,-0.5435399720749444,-0.8713120863204724,1.0134966827726952,1.550351436703889,1.4976852885938252,1.3447216031847973,-1.8424373371013327,-0.7623467881691958,-0.7097318903194257,-0.5360175473898257,-0.17401393594235084,-1.380112006172001,0.9272140729589375,1.0269947824380448,1.3629938486844602,1.046552970615986,1.0389641904023477
1984,6,-0.12,26.83,-0.333,0.03,-0.9,0.095,-0.12588190944173724,0.5249549638753322,-0.44381754482492647,-0.7708828582005579,0.16595924081477978,-0.20774938674892715,0.15280204999270855,0.09094974803988604,-0.27518568732985194,-1.4540102229634086,-1.6775766412559687,-0.9200201808299073,-0.8750231307995834,-0.7203494799465353,-0.12853379529989342,0.04686491161718851,1.0115447612195554,1.5484589542090725,1.4968878320169063,-1.883002215701415,-0.94941419899823,-0.7647566063522409,-0.7121087860733788,-0.536929500540951,-1.0950532317766668,0.07149772395287927,0.9255893725147942,1.0249123255347314,1.360696518589653,1.2974200868828405
1984,7,-0.04,26.79,-0.274,-0.72,-0.5,0.075,-0.04832205821241363,-0.12423416502695252,0.5240498067273603,-0.4420085175683618,1.3666490352909113,-0.24705093243129572,-0.2111297142372354,0.15000918285912332,0.08892434025377181,-1.1496699916176858,-1.3972349828121167,-1.6766545226879548,-0.9179086002611898,-0.873265811078722,-0.6221219499780846,-0.7162654340318958,0.04575921082310836,1.0102580986874516,1.5476099082942762,-0.45309024504852,-0.5092555852828554,-0.9518406408638123,-0.7671372981619891,-0.7128885621645148,-0.700356467229281,0.05252396898600437,0.07075124400290592,0.9235825692965773,1.0228975829673665,1.1898873416318327
1984,8,1.35,26.61,-0.234,1.24,-0.24,0.558,1.2992803568970843,-0.046719045158022984,-0.1244213188126718,0.5252689548792739,0.3499359028716064,-0.4239078880019577,-0.2504736887485797,-0.21419066519284874,0.14796920959165533,-0.48208496802061335,-1.2071728414942509,-1.395890836086541,-1.6755518940829024,-0.9162735292096494,-0.5358638258595657,1.2780485359310445,-0.7167030658056656,0.045558451997753546,1.0099558997541573,1.341905633005114,-0.2231524863678621,-0.5116429126012912,-0.9542342392632643,-0.7678757689218784,-0.17409411449943352,0.5107401514360334,0.05179696177426094,0.06938219427961566,0.9216525238312748,1.0417939994879006
1984,9,0.31,26.38,-0.217,-0.38,-0.34,0.622,0.2910022909158772,1.3001061625646277,-0.046991930688488864,-0.12280695166064201,-0.7732900338963877,-0.6498917756755821,-0.4275215740496328,-0.25356362173900693,-0.2161408179919684,-0.2759190048509283,-1.1263964314341577,-1.2055425739838874,-1.3944138165012607,-1.6760765495227021,-0.7131721921031878,-0.3703130106709776,1.2758650171175303,-0.7160465322309554,0.04623645048413293,1.4940239277554217,-0.33319213979670576,-0.22551438923065265,-0.5140061425543815,-0.9548322718969149,-0.5358994820012037,0.571456167330033,0.5095428775960371,0.050442052926689664,0.06816613746908316,1.3549595382890818
1984,10,0.43,26.04,-0.352,-0.3,-0.67,0.703,0.40734206775986265,0.2924096042685437,1.2983436879691899,-0.04542475386483114,-0.4440686386368032,-0.9839549139757219,-0.6537494274898681,-0.43074192619672236,-0.2555040642172241,0.087325787400421,-1.7678561583819548,-1.12464456259026,-1.2038117300052322,-1.394137063997733,-0.866519968313888,-0.2889124404684085,-0.3710535004006214,1.2742811598867374,-0.7145946936764126,1.5447300260055246,-0.6963229961118897,-0.3355638212962829,-0.22785787969360777,-0.5149346178380055,-0.7113202662444862,0.6482998749458764,0.570196580727701,0.5078464665998521,0.04924182735018756,1.0182122571082937
1984,11,-0.2,25.52,-0.432,1.13,-1.19,0.593,-0.20344176067106087,0.40868228407193796,0.29176164235481145,1.2990909328373825,0.5242295827149158,-1.4948750078465236,-0.9881732108363019,-0.6571364263371372,-0.4326386722308781,0.1462303483060438,-2.1479804410176864,-1.767069947186715,-1.1228058432444201,-1.2029916500824998,-0.9096490303731473,1.1661227519025121,-0.28972419089355217,-0.37078560604727406,1.2737106963964797,1.0072453845544362,-1.2685291939418764,-0.6987269471128628,-0.3379149038708285,-0.2290011426997145,-0.7661392613205119,0.5439442226280644,0.646961423753713,0.5684549189292152,0.5062639167215164,0.9172823997235757
1984,12,-0.09,25.25,-0.326,2.84,-1.34,0.43,-0.09679696523074088,-0.20174928489588206,0.40790572454108587,0.29312236149184134,-0.12453022559073591,-1.7601604412025165,-1.4996448794837889,-0.9918065569794889,-0.6589773380261035,-0.21701444394530553,-1.644315766525342,-2.147766471392022,-1.7660878851685158,-1.1217548491685254,-1.6715957934200636,2.9060599399824243,1.1640372165453101,-0.2895477410628784,-0.36968457499029866,0.043829517802485986,-1.4335886740851418,-1.2709839938541398,-0.7011030836556568,-0.33897555621444186,-0.9525238445789996,0.38930811964803397,0.5427128714961658,0.6451624914085654,0.5668217091019823,0.06645313466735471
1985,1,-2.38,25.38,-0.363,0.41,-1.16,0.875,-2.3169477066701294,-0.09516599507610393,-0.20185070693685475,0.40919565818555764,-0.047066367882598395,-1.632430417734817,-1.7652167074353686,-1.5036549920795559,-0.9935649309407837,-0.25628415121572073,-1.8201232472443678,-1.6433435768199904,-2.1472920581605726,-1.7668706211324379,-1.3888608310315853,0.4335176200793912,2.9024512072589146,1.1625790955331934,-0.2885292529465071,-0.7167619559490538,-1.2355172979132232,-1.4360581419525855,-1.2733996093772042,-0.7018911208130421,-0.5139718839707934,0.8114741676610006,0.3882354713327092,0.5409917139674725,0.6434651650835094,0.04758774076366908
1985,2,-1.0,26.03,-0.338,-0.2,-0.72,0.588,-0.9790402729642971,-2.3140363013242116,-0.09538529826610319,-0.2001891494564529,1.2988681597962912,-0.9937803003963123,-1.6373487902734978,-1.769422448766129,-1.505287131869118,-0.4329978339325926,-1.7013344089207019,-1.8194157192649447,-1.6421965289460976,-2.1491614489629045,-1.1971761107682102,-0.18716172771519735,0.43207343098168716,2.89903845957465,1.1621221285862662,1.2709170954549702,-0.7513428228263114,-1.2379691642344508,-1.4384851456430354,-1.2737580710896241,-0.2289131095754593,0.5392007838863456,0.8099682509200599,0.3866295619411258,0.5393814594295836,0.5031870035376766
1985,3,-0.19,26.5,-0.365,1.07,-0.79,-0.064,-0.19374677926739542,-0.9769004835851772,-2.31180153332084,-0.09378862748721292,0.29183800959050327,-0.531987138628473,-0.9980092044641363,-1.6414603399911132,-1.770989043889599,-0.6587986507374852,-1.829626354310261,-1.7004480554507866,-1.8185034589549236,-1.6426261020875363,-1.1157101046562756,1.1050723242505855,-0.18806255400971567,0.43143831067363275,2.8968171372723104,-0.3719604878483557,-0.828370580226502,-0.7537516631456778,-1.240382502124038,-1.438719691361715,-0.3385510997275109,-0.07934362803377623,0.5379743009390044,0.8080477070437289,0.3851483319605845,0.5635562640294706
1985,4,0.2,26.64,-0.409,-0.88,-1.18,-0.131,0.18435749547555724,-0.19205989491226585,-0.976144588178684,-2.3088540393922985,0.4080337961527095,-0.39443172874017957,-0.5357175039558315,-1.0016497961160267,-1.6430584936575163,-0.9925911625360214,-2.0386947097599135,-1.8289331323700775,-1.699377154894906,-1.8194356099591271,-1.7626460355451667,-0.8790665744370337,1.1030402344150083,-0.1880004098323839,0.4317242301921426,-0.2908307306481915,-1.257525228598992,-0.830786265591619,-0.756131595744267,-1.2407657470352056,-0.700356467229281,-0.14290570717280718,-0.07993529971482162,0.536256678629241,0.8062142321060116,0.6399611093393972
1985,5,-0.4,26.9,-0.346,1.28,-1.03,-0.279,-0.39734138874436997,0.1858263144487656,-0.19217203342133188,-0.9740111274145615,-0.20199408329887344,-0.13897168180478045,-0.3980135931661228,-0.5390175566986591,-1.003405742497096,-1.5030973570514294,-1.7393468371842749,-2.0383162206829963,-1.8280335632797249,-1.6999697262621065,-2.1460154760719172,1.318748821032329,-0.879361684819804,1.1016506967948967,-0.1870851003917677,1.1593636793047442,-1.0924657484557267,-1.259979050647577,-0.8331715126683216,-0.7568783275704056,-1.2704740160199492,-0.2833114939276815,-0.14343214518078226,-0.0811919294761459,0.5346503818998597,0.5362014428691264
1985,6,-0.5,26.81,-0.136,0.11,-0.91,0.345,-0.49429120278102445,-0.39553708456820585,0.18529623368405995,-0.1905163747319765,-0.09548127895018435,-0.22740015959011142,-0.14227775884238103,-0.40121220878710195,-0.5408875993503329,-1.7681678811267374,-0.7415205952654798,-1.738517707871317,-2.037695858425356,-1.8289928806548887,-1.638050967373973,0.1282654818197575,1.316529671871065,-0.8785222621997467,1.1012556370534228,2.8935122394582553,-0.9604181643411144,-1.0949049025491315,-1.2623939069594823,-0.8338604170307148,-1.4349310012480267,0.30866966103881555,-0.2836938336727551,-0.14464140300844794,-0.08228212797613688,0.38244848255408864
1985,7,1.25,26.56,-0.161,0.15,-0.74,0.957,1.2023305428604296,-0.4924309844043678,-0.3954241772473121,0.1867218395226014,-2.3128842058456205,-0.47303482010492015,-0.23080170149290757,-0.14528799123707015,-0.4031162375619346,-1.6405413324978861,-0.8603094335891457,-0.7391893318323867,-1.7374975721941115,-2.0392528359616455,-1.8153593336175948,0.16896576692104198,0.1270885203301776,1.3149000923789351,-0.8769053377639957,0.42919586450326613,-0.7733507535120802,-0.9628455840703753,-1.0973083706936513,-1.262760629738151,-1.2375826189743337,0.8892665630251877,0.30767977186096807,-0.2847984490201002,-0.14567856687443714,0.8022034969110935
1985,8,-0.74,26.3,-0.29,0.25,-0.56,0.876,-0.7269707564689953,1.2032122627284658,-0.4922109124025408,-0.39364464394598,-0.9766326603802485,-0.7284948670403193,-0.476701542188815,-0.23387714346592786,-0.14725513709776922,-1.0024085893536234,-1.4732598393392629,-0.858156995646545,-0.736836618089963,-1.7381988090451528,-1.6955563834529856,0.2707164796742532,0.1677531750837122,0.1267963169821492,1.3142883574183755,-0.18941853414798623,-0.5752793773401618,-0.7757615495588038,-0.9652399416809864,-1.0977990094660603,-0.7551754623053067,0.8124228554093443,0.8876808080575042,0.3061339611911904,-0.2857184617542646,0.531485094393205
1985,9,-0.36,26.02,-0.256,-2.12,-0.7,0.655,-0.3585614631297081,-0.7249763440111563,1.2015569528139611,-0.49037239119074355,-0.19231110108535626,-1.003605686816906,-0.7324373765125567,-0.47995812187942183,-0.23582244110459624,-0.5409895289262362,-1.311707019219077,-1.4720301409276022,-0.8559629221499805,-0.7346853859901779,-1.8249435696307637,-2.140775412576853,0.26941481196754874,0.167415249474347,0.12739177252792444,1.0985163614046212,-0.7293348921405427,-0.5776725718406694,-0.7781430005797112,-0.9658297132483876,-0.8319220554117429,0.6027628630253766,0.8109159650314921,0.8857022865907254,0.3047200139552782,-0.0835267468669459
1985,10,1.49,26.23,-0.254,0.37,-0.49,0.423,1.4350100965484005,-0.3567795246337411,-0.7244990767750896,1.2023631855926187,0.18532520524181417,-0.797272571984466,-1.0078451980919743,-0.7358823394294536,-0.4818427300124494,-0.40354555347977944,-1.3022039121531837,-1.310234118140347,-1.4706546510996719,-0.8541512696871987,-2.0357967619204764,0.39281733497810667,-2.139965982179377,0.2689625807048415,0.16796943354982022,-0.8790214703493823,-0.4982516199399711,-0.7317417767325517,-0.580040357060714,-0.7788732102733511,-1.259510217004744,0.38266730540962773,0.6014711464049651,0.8089947141113751,0.8838039035934836,-0.1467258164442927
1985,11,-0.84,26.33,-0.304,0.06,-0.37,-0.451,-0.8239205705056498,1.4357576223352544,-0.3567094831852206,-0.7225189845781761,-0.39565372756921724,-0.6990187077785446,-0.8012893319074111,-1.011493035252568,-0.7377038304766148,-0.14829245622207718,-1.5397815888005157,-1.3007167050352142,-1.3086428775780479,-1.4705952295638263,-1.7338933275056605,0.07739012544315188,0.39140877622815257,-2.137709169457879,0.2694135861045596,1.3114819740550523,-0.36620403582535876,-0.5006379693947283,-0.7341201909088229,-0.580919265946842,-1.0950532317766668,-0.44648578664280564,0.38160147255268345,0.5997061521615431,0.8071604476119564,-0.28632973133156625
1985,12,0.11,26.19,-0.345,0.06,-0.41,0.395,0.09710266284256816,-0.8218702438473182,1.4338451171865099,-0.3549535450480745,-0.4924835497043891,-0.8365741176668345,-0.7029293956290502,-0.8047850133852322,-1.0132465540534115,-0.23664929758051312,-1.734595283651328,-1.538652032663531,-1.2991127732532466,-1.3081216277358778,-0.727548546122941,0.07739012544315188,0.07625770188825931,0.3908193781814349,-2.1348128294427644,0.12495927500265024,-0.4102198971968962,-0.368578650915972,-0.5030004401366595,-0.7348834448674602,-0.9634876435942048,0.35610404845600285,-0.4467006608391018,0.3800005124676017,0.5980468207981601,0.3022705584634248
1986,1,0.78,25.89,-0.352,0.16,-0.66,1.024,0.7466664168881535,0.09862180459621989,-0.8212858119303182,1.4345097789800514,1.2020383376611192,-1.1313357102846058,-0.8406333064187554,-0.7063526220198367,-0.806589511370814,-0.48208496802061335,-1.7678561583819548,-1.7337590013187507,-1.5373653813732817,-1.2985643570401162,-0.8473514962875505,0.17914083819636312,0.07625770188825931,0.07602265136690191,0.3911465691702469,0.16552415360273234,-0.6853190307690054,-0.41259842374222405,-0.37093201112399465,-0.5039371764865328,-0.7771030603357171,0.9528286421642187,0.35506547743258055,-0.4476836646552636,0.37852482341897103,0.8795516119162045
1986,2,-1.58,26.05,-0.284,0.94,-0.71,1.679,-1.5413491943768933,0.7478109334985047,0.09818817204435415,-0.8192467318229396,-0.7248751228288017,-0.9741295275551279,-1.135713115253845,-0.8441579699313905,-0.7081813958076748,-0.7373380652783157,-1.444750518141583,-1.767069947186715,-1.7327325200317107,-1.5374961244341578,-1.4655347191369352,0.9727963976714107,0.17791933877209587,0.07602265136690191,0.07666969625055475,0.2669363501029377,-0.7403388574834271,-0.6877220039062997,-0.41495482079488294,-0.37196788026886,-0.5797546780620243,1.5742191173293718,0.9511776535234648,0.3534843145735054,-0.44846752877676677,0.8031467666062778
1986,3,1.39,26.87,-0.301,1.15,-0.42,1.993,1.338060282511746,-1.5388851026349164,0.7466592975843862,0.09966686700231421,-0.35692179871514845,-0.1684478410665551,-0.9783372172084641,-1.139455144027584,-0.8459527575960697,-1.012226016171229,-1.525526928201676,-1.4434779016122041,-1.7660878851685158,-1.733420173697272,-1.3026027069130663,1.1864728944531544,0.9708801064660207,0.17756998259739645,0.07666969625055475,-2.136532706951928,-0.42122386253978056,-0.7427467199391148,-0.6900973812379346,-0.4159576456747509,-0.7332478642748964,1.872107070309308,1.5719303965115876,0.9491517601230275,0.35203078925251724,0.5946841639705518
1986,4,-0.79,27.49,-0.333,0.39,-0.33,1.397,-0.7754456634873226,1.3388637224990922,-1.5375076520790103,0.7477427735422302,1.4344299107855318,0.440726117010168,-0.17178573972588757,-0.9819633178429477,-1.1411771042854941,-0.806060053001544,-1.6775766412559687,-1.524375913005832,-1.4420643381252676,-1.7668706211324379,-1.2930184708998975,0.41316747752874894,1.1843695439220774,0.9696391661952537,0.17811384880529416,0.38863098590318407,-0.32218817445382136,-0.4236033669487871,-0.7451258933265449,-0.6908936794615693,-0.5030080849555882,1.3066891722964356,1.8695126275013139,1.5694413894313535,0.947200342491784,0.3758455946877987
1986,5,0.84,27.4,-0.237,0.14,-0.53,1.034,0.8048363053101462,-0.7734232939292374,1.3370583820312811,-1.5350320614341901,-0.8217049449639736,0.352297639224837,0.4380458651999603,-0.17481770864668705,-0.983724119384468,-0.707885784825506,-1.2214275020930907,-1.6766545226879548,-1.5230702248860797,-1.4419234174765412,-1.5326243712291165,0.15879069564572088,0.4117411036049199,1.1828885617792921,0.9693782387322615,0.07425317675254758,-0.5422674813115086,-0.3245588780897199,-0.425960523212605,-0.7458808862189329,-0.37144249677312635,0.9623155196476562,1.3046750170876935,1.8668016086722914,1.566971498885615,-0.4485721189032625
1986,6,1.54,27.42,-0.27,1.4,-0.31,1.045,1.4834850035667277,0.8059472734002018,-0.772892444352704,1.3377820317352878,0.09817836532015946,0.37194841206602475,0.34952192254943376,0.4354631178187755,-0.17677757176670925,-0.8453297602719592,-1.37822876868033,-1.2198186936415865,-1.6755518940829024,-1.5231602183905153,-1.729101209499076,1.4408496763361824,0.15758701139532857,0.4111288444275339,1.1824109590972143,0.07425317675254758,-0.30018024376805263,-0.5446577422209804,-0.3269092014531064,-0.4269550870262237,-0.41529769283394696,0.9727510848794373,0.9606547946377874,1.302385396355097,1.864083167752276,0.3494340432226389
1986,7,0.15,27.18,-0.258,-1.95,-0.11,1.444,0.13588258845722997,1.4842045722533352,0.8047313386775234,-0.7708828582005579,0.7469381736258113,0.13613913797180643,0.36919390980510947,0.34687396558991784,0.4333527447247642,-1.1398525648000801,-1.3212101262849703,-1.3768560098762757,-1.2181068864924345,-1.6760765495227021,-1.7626460355451667,-1.9677992008963938,1.4385236361316687,0.15726051635129754,0.4114353996811948,0.1756653732527529,-0.08010093691036543,-0.3025489916765938,-0.5470232498075478,-0.32797811486296913,-0.6893926682140759,1.3512774964685916,0.9710796498635419,0.9586218307994905,1.300138726209187,0.9427506814935513
1986,8,-1.53,27.17,-0.281,0.55,0.32,0.699,-1.492874287358566,0.13737936453068464,1.4822384847641243,0.8057794218890882,-1.5382456287642456,0.12631375155121605,0.13313006273703637,0.3665604438630004,0.3447854407179372,-0.9827737357184159,-1.430495857542743,-1.3197515312454797,-1.375353607851658,-1.217327556126142,-1.4367820110974288,0.575968617933887,-1.9671411994768548,1.4367568898555285,0.15782501829434628,0.9666805059543542,0.39306957283366206,-0.08245012754533336,-0.3048977966176623,-0.5479269418924237,-0.7442116632901016,0.6445051239525014,1.3492175803250093,0.9690389085435998,0.9566624975512318,1.560592331839255
1986,9,-0.95,27.24,-0.229,-2.04,0.53,0.761,-0.9305653659459697,-1.4904381527168353,0.13690286610644561,1.482873652602433,1.3376000886503598,0.19509145649535928,0.12329406910920204,0.13032270458604422,0.36446706383056854,-0.17774473667488683,-1.1834150738295175,-1.4292017819545055,-1.3181729819028494,-1.3750225226062096,-1.5182480172093633,-2.059374842374284,0.5743997226190584,-1.9650787063660382,1.4360213404840627,1.1796461186047853,0.6241528450342336,0.3907624303368767,-0.0847837482632209,-0.30598323216002365,-0.42626149184915213,0.7033237643498137,0.643170567307984,1.346894728534473,0.9670708681166242,1.8567790161271192
1986,10,2.2,27.53,-0.327,-1.69,0.81,1.385,2.123353776208648,-0.9284535336670963,-1.489114284501396,0.13835796590021962,-0.7732900338963877,0.48002766269254005,0.1921460245040529,0.12047946544950643,0.1282875864790275,0.4309357260165592,-1.6490673200582888,-1.1817490412210558,-1.4277691816380658,-1.3176788984316397,-1.6715957934200636,-1.7032473477380445,-2.058636672672308,0.5736045743963252,-1.9623577700997072,0.40891342520322516,0.9322638746349957,0.6218662376747003,0.388461455698828,-0.08603440513056898,-0.32758730071230574,1.2953049193163106,0.7019288422167835,0.6413744631379802,1.3446108549885916,1.2945902777972877
1986,11,2.27,27.71,-0.406,0.15,1.01,1.813,2.1912186460343057,2.1237043111720038,-0.9277512206010697,-1.4866681878118084,0.8050360669069143,0.656884618263202,0.47738983971130816,0.18938213940528154,0.11844677492271531,0.3425788846581233,-2.0244400491610737,-1.6481022833725567,-1.1799864691932287,-1.4275875114328989,-1.2115524647879632,0.16896576692104198,-1.70282094357888,-2.056471304473483,0.5737460437687779,0.15538293395271183,1.1523431814926828,0.9300046474584649,0.6195812064709916,0.3868555729827585,-0.5468632810164089,1.7013432756074336,1.2933024477505066,0.7000889013320507,0.6396803030597302,0.952183378445394
1986,12,0.83,27.72,-0.38,0.49,1.12,1.608,0.7951413239064806,2.191530041057317,2.1210309367886335,-0.9256472537921795,1.4828448218531178,0.6667100046837924,0.6544377250123612,0.4748360743649372,0.187332455816911,0.36221373829333436,-1.9008996573044608,-2.0240401010252973,-1.646961581108498,-1.1790984733430954,-1.3696923590052477,0.5149181902819602,0.1677531750837122,-1.7010556451667525,-2.0536575073989725,1.4331766098552985,1.2733868002644109,1.1501035115897253,0.9277408741672095,0.6178018413636859,-0.3056597026818954,1.506862287196966,1.698924087443509,1.2910213115433415,0.6983456644283067,0.962559345092421
1987,1,-1.85,27.68,-0.287,0.18,1.14,1.591,-1.8031136922758606,0.7962578834165855,2.1887816513972935,2.1212767844178733,0.1369102941742282,0.6274084590014238,0.6642737186401956,0.6520143788226526,0.47271599095002337,0.1265954946708362,-1.4590051787404228,-1.9003137306585727,-2.0234007019381544,-1.6474047374354173,-1.3121869429262352,0.19949098074700536,0.5134027404887563,0.167415249474347,-1.6986029734573849,-1.9641319729015791,1.2953947309501794,1.2711578868619187,1.1478549225216506,0.9257301992049225,-0.08638372237779224,1.490734595475122,1.504642694599898,1.6963403364959573,1.2887841401378497,1.338923953470949
1987,2,-1.27,27.88,-0.227,-0.52,1.13,1.708,-1.2408047708632644,-1.8004986321925536,0.7950526651620006,2.1889862074892075,-1.4898307176966596,0.8239161874132701,0.6249297441288512,0.6618576179591904,0.6498505989636774,0.11677806785323415,-1.1739119667636242,-1.4577540212699032,-1.8995093457157357,-2.024916929918003,-1.422405657077676,-0.5127640085254733,0.19825166614886316,0.5126761756580284,0.16796943354982022,0.5711729396035536,1.284390765607295,1.2931677732750446,1.2689176491165934,1.1456790262343772,0.38505963527602954,1.6017310620313403,1.4885315547055498,1.5022038876284662,1.6937643766822155,0.6361880305586601
1987,3,-0.26,28.27,-0.042,1.03,0.98,1.584,-0.2616116490930536,-1.2385140131428143,-1.7988318369981278,0.7961066471646119,-0.9282177493126627,1.2071062578163723,0.8216496166855765,0.6224846614130322,0.6596914105199896,0.185500055576459,-0.2948745631684952,-1.1722316281159233,-1.4563594946124696,-1.9006724108731015,-1.1732155207352883,1.064372039149301,-0.5133797920379926,0.19787944884349531,0.5128795522359342,-2.055402949751764,1.1193312854640298,1.2821628300684815,1.2909290539520375,1.2666508811005772,0.615299414595338,1.484093781236716,1.5994141057431228,1.486104767478479,1.4997901979635357,0.6946707516600855
1987,4,2.03,28.39,0.02,0.66,0.58,1.726,1.9585390923463348,-0.2598856247975792,-1.2374687730978016,-1.7961969789950518,2.1219216479452525,1.3250108948634813,1.2052533681711926,0.8193494441438267,0.6203281642947339,0.47020543328697795,-0.0002782441258032746,-0.29187091589115105,-1.1704563648684272,-1.4562593235201837,-1.6428430853805573,0.6878944019624192,1.0623755796614736,-0.5129518697699664,0.19840267931624203,-1.7004602620010452,0.6791726717486554,1.1170886819700363,1.2799233515343154,1.2886457638035227,0.9222857870210824,1.6188074415015279,1.481897555925524,1.596904594393096,1.4837045343624742,1.2832710414550765
1987,5,0.96,28.56,0.059,-1.4,0.62,1.536,0.9211760821541315,1.9589846814505283,-0.259922748029992,-1.2351760449754232,2.189702523439873,1.4920424640135495,1.3232852917052291,1.2032357704688779,0.8171443954210158,0.6469191160038498,0.1850323436591158,0.003168890367961806,-0.28892171482429635,-1.1695412026473337,-2.0214204079007234,-1.408170280753732,0.6862275231912786,1.061031764302699,-0.5117063885669338,0.16552415360273234,0.7231885331201928,0.6768909537075153,1.1148378152684844,1.2776483224520496,1.1415617673251854,1.4385567693162162,1.6164729597489034,1.479475718004955,1.5944117485580136,1.6869904709939485
1987,6,-1.53,28.65,0.194,0.32,0.92,0.769,-1.492874287358566,0.9222199532035961,1.9564934870247443,-0.258225797803311,0.7953530846933972,1.5804709417988805,1.4904971833784444,1.321354640107356,1.2009360461172673,0.6567365428214519,0.8264920706069127,0.18875844591804888,0.006511519244547523,-0.2854936632893794,-1.8968253397295294,0.3419419786015011,-1.4080021966157539,0.6853066387498691,1.060677976031527,0.5103256217034303,1.0533074934067237,0.7209107265337674,0.6746097185596018,1.1126867021799587,1.2621635564924423,0.7109132663365636,1.436407278576776,1.6139507216107294,1.4770810258208609,1.493620183481171
1987,7,0.55,28.59,0.27,-0.97,1.29,1.807,0.523681844603848,-1.4904381527168353,0.9208754208637978,1.9568396141017745,-1.7996861485292097,1.5215186232753277,1.5790211260289708,1.48868970542853,1.3190257847930378,0.6174668355510367,1.1876101391108576,0.8311838305145043,0.1923485535781751,0.01078172827923231,-1.451158365117182,-0.9706422159149238,0.3405779577862343,-1.4065683845983181,0.6853346115789912,0.19594781255279395,1.460454211093445,1.0510590227306582,0.7186325282304901,0.6727890481210496,1.2840911545228524,1.6956511491173711,0.7095105551082416,1.4340193787579327,1.6114436276650195,1.4775845986630383
1987,8,-1.19,28.42,0.27,-1.65,1.57,2.171,-1.1632449196339407,0.5249549638753322,-1.489114284501396,0.9218527185828045,-1.2380731801452127,1.3544870541252596,1.5200051642619543,1.5772788576573877,1.4863195812503762,0.8138153719031161,1.1876101391108576,1.1928455285095458,0.8356305955022706,0.19714850684658483,-1.1636312847221195,-1.66254706263676,-0.9708571580152568,0.3400457125661877,-1.4044149310486405,-0.5139375629486432,1.7685652406942072,1.45824192137349,1.0488036007621522,0.7167788135269405,1.2731273555076472,2.0409734895144944,1.6932378027749153,0.7076649578732211,1.4316626815355114,1.587947152999599
1987,9,-1.04,28.36,0.185,-1.01,1.65,1.984,-1.017820198578959,-1.1609988932738848,0.5240498067273603,-1.4866681878118084,-0.26009197657997657,1.2955347356017033,1.352793272588739,1.5182194228381505,1.5748868852572033,1.1966950177896731,0.7837280888103928,1.1928455285095458,1.1977745598447245,0.8422642788104975,-0.2770894535040092,-1.0113425010162083,-1.6621562888253452,-0.9699148603071918,0.34042449289287724,1.057951482804539,1.8565969634372819,1.7663803311572548,1.4560145902178685,1.0467020540711225,1.10867037027957,1.863568880574214,2.038205739336254,1.6906582940900796,0.705915388475865,1.4709817107967484
1987,10,0.66,27.96,0.037,1.4,1.24,1.244,0.630326640044168,-1.015658043519642,-1.1600393849736184,0.5252689548792739,1.95731095031546,0.9025192787780107,1.293777310821719,1.3508843575169764,1.5158420159193198,1.3145041396009223,0.08049816593428966,0.7883554715414072,1.1977745598447245,1.2054405652494409,0.020021862904222334,1.4408496763361824,-1.0115218127687915,-1.6604367126745545,-0.9682050750632611,0.6827263557537794,1.4054343843790231,1.8544198768097588,1.7641742579140864,1.4536073840756134,0.6701184096713637,1.1615399467998426,1.8609832004984235,2.0353688667133323,1.6880870836465467,1.6049260075129161
1987,11,0.06,27.77,-0.079,0.36,1.07,1.159,0.04862775582424089,0.6315382536951104,-1.0148592822407756,-1.1577938471796123,0.9212318534691206,0.7158369367867549,0.9003375657082686,1.2918249226977356,1.3485482194619813,1.4814003955001884,-0.470682043887521,0.0840669017615895,0.7927451260406643,1.2054405652494409,0.20691446516101314,0.38264226370278553,1.4385236361316687,-1.0105337927993896,-1.658025312435489,-1.40636489215045,1.2183669735499891,1.4032172053406748,1.852219877255863,1.7615357419168503,0.7139736057321844,1.0809014881906243,1.1596747580385596,1.8582785450634745,2.0325095278104466,1.425704765427903
1987,12,0.21,27.54,0.034,-1.38,0.94,0.874,0.19405247687922267,0.050174854678138925,0.6305152153981118,-1.012702226312467,-1.4898307176966596,0.48985304911313043,0.7134536867793777,0.8980953572361466,1.2895033501240944,1.5697572368586246,0.06624350533544975,-0.4679430583361054,0.08751740600535954,0.79925656067957,0.8538503960499043,-1.3878201382030897,0.3812426125397689,1.4367568898555285,-1.008782736085157,0.33792488765308143,1.0753154240924923,1.2161331708291037,1.4009860781292582,1.8495152727286317,1.0428875761883392,0.8105254799126569,1.0791190585668184,1.1574933150052134,1.855567228198773,0.7022169092215598
1988,1,0.68,27.45,-0.051,0.72,0.9,0.415,0.649716602851499,0.19551570443238178,0.04979480446673981,0.6316694768485138,0.5242295827149158,0.4014245713277994,0.4872258333391425,0.7110738136418899,0.8958708878715306,1.5108526759530017,-0.337638544965015,0.06979078210389052,-0.46522864483312254,0.09201852919320648,1.2180513645503175,0.7489448296143459,-1.3876698692389866,0.3806646450583855,1.4360213404840627,-0.9702924471995671,1.031299562720955,1.0730689091437842,1.2138891370279832,1.39862017731825,1.4485481397509299,0.3750778034228778,0.8090205368086276,1.0769977142552778,1.1553677537996356,1.6813308528228428
1988,2,0.42,27.03,-0.126,0.6,0.28,0.575,0.39764708635619717,0.6509170336623428,0.1949749071995828,0.051302993379932424,-1.160609322437075,-0.011241658337077395,0.39870189068861595,0.48467931350147503,0.7088954683015609,1.3439564200537353,-0.6940050599360134,-0.334699274864248,0.07322224951815744,-0.4623031711609703,1.2180513645503175,0.6268439743104925,0.7472245053215804,-1.3862589183522194,0.38100215391477293,-1.659895383400963,0.34905371146212466,1.029049136317532,1.0708150055975962,1.2116636743432136,1.7555345121766743,0.5268678431578769,0.37401975966122547,0.8071006999760826,1.0749394357943294,2.024681021869921
1988,3,-0.58,27.38,-0.021,0.49,0.1,0.639,-0.5718510540103481,0.3989928940883218,0.6498725624291576,0.19639461424707774,-1.0153645892343173,0.3326468663836527,-0.01440984168050667,0.3960901612726173,0.48255680250633554,1.285051859148109,-0.1950919389766157,-0.6916022663067233,-0.3318071842859027,0.07768262314956399,0.8107213339906449,0.5149181902819602,0.6252305410609765,0.7462350374881658,-1.3841261005376926,-1.0108573257996492,0.1509823352902061,0.3467426575106246,1.0267921959267081,1.068696936774068,1.8432449042983154,0.5875838590518767,0.5256540174903852,0.3724244559264313,0.8052680166000669,1.8482895888704605
1988,4,-1.42,27.38,0.04,-0.96,-0.44,0.512,-1.386229491918246,-0.5699461042732973,0.398227051025563,0.6510150262974665,0.630742387063605,0.3326468663836527,0.3298499352937616,-0.017325882462050763,0.39398949849950854,0.89235478644395,0.0947528265331296,-0.19193807828725795,-0.6891860964659559,-0.3285013814203069,0.10148786901615678,-0.9604671446396027,0.5134027404887563,0.6243782400115724,0.7462011031118349,1.4331766098552985,-0.4432317932255493,0.14865367979249017,0.34443864602793983,1.024707171368177,1.393729144674904,0.46710051501222105,0.5863077206220492,0.523945586749839,0.3709550993714128,1.150270014434093
1988,5,0.64,26.68,0.126,0.85,-1.25,0.595,0.6109366772368371,-1.383854862897057,-0.5696403005267237,0.3995228834610813,0.0497634542525735,-0.35513018305781097,0.3298499352937616,0.3271874873168387,-0.01932458686568304,0.7058236769094726,0.503386430366541,0.09834302141928852,-0.18885561941388151,-0.6868990325113694,-0.4543978197476312,0.8812207561935206,-0.9606909943268732,0.5126761756580284,0.6244681200461475,0.3784897662531635,-1.3345529859991825,-0.44561325336191315,0.14633600250894255,0.34286580757686763,1.2073445614164164,0.5458415981247519,0.4659480284701536,0.5845540390792022,0.5223495803225775,1.070092090343429
1988,6,1.19,25.99,0.154,1.93,-1.74,0.295,1.1441606544384368,0.6121594737278779,-1.3826488758306443,-0.5677545889865544,0.19500818745533136,-1.0330818460786844,-0.3586696186547784,0.3271874873168387,0.3251038176053094,0.48002286010457995,0.6364299292890471,0.5075917849399934,0.10181256249256168,-0.1851423209838819,0.08711151499640366,1.980128453928202,0.8793846332705678,-0.9597601271841423,0.5128795522359342,-1.3860824528504088,-1.8737472878005161,-1.3370136530935182,-0.4479719280480492,0.1449118632503584,1.0648151742187493,0.2612352736216283,0.5446082997190302,0.46428414148812236,0.5829073727030435,0.8012602272159092
1988,7,-0.32,25.56,0.098,0.81,-1.74,0.204,-0.3197815375150463,1.1450759228267686,0.6111578683670661,-1.3802676658425683,0.6501083514906394,-1.455573462164155,-1.0373531789754842,-0.36183925224094377,0.3251038176053094,0.39166601874614404,0.37034293144403496,0.6408355684118507,0.5116070484590225,0.106354435236849,-0.32021851556326864,0.8405204710922362,1.9773303116160024,0.8782465680878087,-0.9580606598077872,0.7435736736539026,-1.8737472878005161,-1.8762558702151062,-1.3394338238835368,-0.4489499697291692,1.0209599781579288,0.1749046885223475,0.26029406628935564,0.5428857281027651,0.4627380034480565,0.36829943712632446
1988,8,-0.07,25.66,-0.02,-0.19,-1.19,-0.121,-0.07740700242340999,-0.31802196469927635,1.143484911720824,0.6123239273995611,0.3983508139391923,-1.3573195979582302,-1.4603009049724447,-1.0410227526621885,-0.36375299133667893,-0.020665907593222545,-0.19034038544366905,0.37434800146813596,0.6450285090062424,0.5173170751546008,-0.6796273660570972,-0.1769866564398762,0.8387199785170333,1.9749577453771496,0.878078501432996,0.6218790378536562,-1.2685291939418764,-1.8762558702151062,-1.8787132423519182,-1.3397427191984606,0.34120443921520893,-0.13341882968936972,0.174052082149021,0.25878360780887544,0.5412738904414731,0.5192225883558093
1988,9,-0.82,25.72,-0.107,-1.08,-1.0,-0.329,-0.8045306076983189,-0.07578721510887156,-0.3179947891231292,1.1443265372457605,-0.5699474074125266,-1.2983672794346772,-1.3619409686940802,-1.4642820355333979,-1.042768988722355,0.3229440310229157,-0.603725542810027,-0.18717937173469162,0.37818558791180273,0.6511188648952642,-0.17645497536573723,-1.082567999943456,-0.177896390321332,0.8376276355956109,1.9736753490241816,0.5103256217034303,-1.0594538524270736,-1.2709839938541398,-1.8787132423519182,-1.8786173454206243,0.14385605694151607,-0.33074588134486876,-0.13395500406645977,0.17260596465306224,0.2574092386580392,0.5795918488476033
1988,10,-0.66,24.82,-0.183,0.1,-1.9,0.024,-0.6494109052396717,-0.8024914638800859,-0.07602795123505747,-0.31626244615016913,-1.3833179133479705,-2.1826520572879873,-1.3029250069270637,-1.3658496441679988,-1.4659238856438623,0.3229440310229157,-0.964843611313972,-0.6011868418079628,-0.18409056725148082,0.3835152854139374,0.11586422303590993,0.11809041054443638,-1.0826849585874772,-0.17784567670933443,0.8375008404111004,-0.9601512275495465,-2.049810733286666,-1.0618900729294425,-1.2733996093772042,-1.8786173454206243,-0.44818908987956246,0.004140893820473367,-0.3310795392443675,-0.13517133233198494,0.1713036276170642,0.45979659755919966
1988,11,-0.49,24.65,-0.16,-1.75,-2.05,0.019,-0.484596221377359,-0.6474612241422268,-0.8019284648992725,-0.07444307803826022,0.6113764226365705,-2.349683626438059,-2.188164433432329,-1.3067902093487616,-1.3675157700807197,-0.36427584620936426,-0.855557880056199,-0.9628485398030043,-0.5986501053803424,-0.18036368563600105,0.5279863716021665,-1.7642977753899713,0.11692235664179393,-1.081616924660736,-0.17694068513629377,0.8754095291041695,-2.214870213429931,-2.0523349615201147,-1.0642912634404849,-1.2737580710896241,-1.3362568101111802,-0.0006025449212453607,0.003463542091216264,-0.3321488024024151,-0.13621641181498934,0.538087982259495
1988,12,0.48,24.63,-0.177,-1.98,-1.96,-0.247,0.45581697477818983,-0.48274159442075154,-0.6470696886509066,-0.7999011823739869,1.143940444380016,-2.3693343992792433,-2.355376325105548,-2.1926817316373386,-1.3084709007428361,-1.041678296624042,-0.9363342901162921,-0.8533982890939787,-0.9607940697227962,-0.5961049609016337,0.6621656757865292,-1.9983244147223571,-1.7638179257091817,0.11664158385909973,-1.0797936428734745,1.9706612513063868,-2.115834525343972,-2.21740910961856,-2.0548044810354713,-1.0648066854116423,-1.873482961856233,-0.2529534859806816,-0.0012750284659449797,0.0021446924767284142,-0.3330292370515036,0.25510707370421076
1989,1,0.85,24.58,-0.234,-0.31,-1.97,-1.162,0.8145312867138116,0.4571292339900189,-0.4825322388870179,-0.6451367867823653,-0.3181898698610797,-2.4184613313822054,-2.37504831236122,-2.360016796958516,-2.1941439408111063,-1.4638276497810143,-1.2071728414942509,-0.9342963004876064,-0.8511978699875798,-0.959281247340577,0.39380706741780397,-0.29908751174372966,-1.9976396905420057,-1.7619840439050491,0.11724735727245052,0.8348446505040874,-2.1268384906868563,-2.118364620759493,-2.2198900173013016,-2.054576407044188,-1.873482961856233,-1.1210027757152086,-0.2533669821069231,-0.002590342861503082,0.000984836547003783,0.16926953144244128
1989,2,1.82,25.28,-0.169,-1.14,-1.47,-1.243,1.7549444828693606,0.8156366633838179,0.4562990921187002,-0.4806996164662672,-0.07611531452314997,-1.7306842819407384,-2.4242282805004023,-2.379703275231595,-2.361437737268448,-1.3656533816049727,-0.8983218618527189,-1.2055425739838874,-0.932203756748392,-0.8493726343393179,-0.17166285735915285,-1.1436184275953827,-0.2998903545819358,-1.9955429057351866,-1.7594694649902285,-0.1792773144979657,-1.5766402235426384,-2.1293695639660557,-2.1208386955418037,-2.219538027316279,-1.2704740160199492,-1.197846483331052,-1.1205253940674307,-0.2544942228554186,-0.0037462409827201185,-0.13729311949244988
1989,3,1.54,26.08,-0.266,-0.62,-1.21,-0.958,1.4834850035667277,1.7555074917945885,0.8144100121930463,0.4575595318079394,-0.8023389805369392,-0.9446533682933533,-1.7357087265518585,-2.4289194709142947,-2.381119360381076,-1.30674882069935,-1.3592225545485435,-0.8962266480670757,-1.2038117300052322,-0.930609435253292,-0.5885771239319938,-0.6145147212786846,-1.143681940717779,-0.2997024741859279,-1.992791015866129,-1.081845863349793,-1.2905371246276451,-1.5791224036379046,-2.131844397959526,-2.1205610551530247,-1.0621618347310513,-0.9274704750530844,-1.1972902370934428,-1.1210056897517822,-0.2554395655640316,-0.33349321609078025
1989,4,0.16,26.74,-0.302,1.96,-1.08,-0.157,0.14557756986089543,1.4842045722533352,1.7532413431987646,0.8154521966135646,-0.6474112651206643,-0.29617786453425815,-0.9488292363249576,-1.7398927313565087,-2.430323418162647,-2.1903172342837096,-1.5302784817346224,-1.3578211836660103,-0.8940833394491863,-1.2029916500824998,-0.9527780924324067,2.0106536677541653,-0.615041428921829,-1.1425453233990324,-0.29867366820198105,0.1148180553526297,-1.1474855751701485,-1.292993880267266,-1.5815592770734221,-2.131558496504497,-2.048903746099515,-0.16757158862974453,-0.9271917153352518,-1.1977132622311324,-1.1212267535035052,-0.0005190136907292178
1989,5,1.33,27.06,-0.16,-1.85,-0.88,0.054,1.2798903940897535,0.14706875451430085,1.4822384847641243,1.7537113448877713,-0.48280056749087197,0.018234500924697278,-0.2996536568877619,-0.9524336004333307,-1.7414666092206554,-2.3572134901829793,-0.855557880056199,-1.5291346195583984,-1.356293399202055,-0.8923803524702454,-0.842559378280966,-1.8660484881431827,2.0078288026811535,-0.614499201000461,-1.140660134406318,-1.7613075799011684,-0.9274062683124612,-1.1499296185819468,-1.2954110142126485,-1.5816864289308605,-2.2133607313275925,0.032601526270785726,-0.16807271207802074,-0.9278162479519373,-1.1978702094850326,-0.005235362166650622
1989,6,0.03,27.14,0.078,0.78,-0.59,0.1,0.01954281161324454,1.2807273825973953,0.1465815396219685,1.482873652602433,0.45644870722029546,0.09683759228943788,0.015098139202999843,-0.30277981742170645,-0.954201684715528,-2.3768483438181867,0.27531186078510206,-0.8533982890939787,-1.5278352770484804,-1.3559079812146864,-0.9240253843929005,0.8099952572662728,-1.8654795625930185,2.0054219447462978,-0.6131505411216732,-1.9945556318516406,-0.6082912733688147,-0.9298307544506862,-1.1523368827822618,-1.2957529537925696,-2.114686540190746,0.076241162694598,0.03189496543418372,-0.1692635867672517,-0.9281987902907702,-0.25614510108566924
1989,7,1.0,26.72,0.164,0.2,-0.57,0.499,0.9599560077687934,0.021106684727290353,1.2789863409381441,0.14803074062469598,0.8147190491204315,-0.3158286373754424,0.09378608822569204,0.012203834947566137,-0.30470812199879543,-2.4259354779062074,0.6839454646185135,0.2791738704168093,-0.8511978699875798,-1.5279388537383962,-1.1971761107682102,0.21984112329764763,0.8082214874518824,-1.8635313751355438,2.0041085947906034,-0.300971950298212,-0.586283342683046,-0.6106874014603585,-0.9322228344278202,-1.1527862162234241,-2.1256503392059516,0.45476757428375236,0.07548981456006716,0.030554904506117385,-0.17028017002900142,-1.119236872179286
1989,8,-0.11,26.33,0.1,0.21,-0.53,0.0,-0.11618692803807179,0.9609775131380608,0.02075878392017121,1.2797453833884298,1.753968323831599,-0.6990187077785446,-0.3193256441434341,0.09094974803988604,0.010197847803256967,-1.7387156006739242,0.37984603850992826,0.6884226339375141,0.2828845446637886,-0.8493726343393179,-0.8856884403402255,0.23001619457296874,0.2185839935256305,0.8071634362264626,-1.860913617544968,-1.142693181249916,-0.5422674813115086,-0.5886775150472324,-0.6130574643138801,-0.9328373891939694,-1.5774603884456937,-0.018627612139776522,0.45362774502153436,0.07411722961784716,0.029371301725347184,-1.1956417174892129
1989,9,2.15,26.42,-0.108,0.59,-0.3,-0.133,2.07487886919032,-0.11454477504333632,0.9595901149258893,0.022284669206503353,1.4828448218531178,-0.6105902299932101,-0.7029293956290502,-0.3224662956947855,0.08892434025377181,-0.9533214552656062,-0.6084770963429736,0.38386541457326867,0.6926790306302495,0.2879425784563207,-1.3505238869789102,0.6166689030351714,0.22875015721401412,0.21818891508959426,0.8070675946446785,-0.6153497594488485,-0.28917627842516824,-0.5446577422209804,-0.5910460594784359,-0.6139115900012602,-1.2924016140503596,-0.14480308266949465,-0.019281596583157704,0.4519730496087205,0.07289721499880707,-0.9268098543616926
1989,10,0.48,26.32,-0.136,-0.65,-0.4,-0.227,0.45581697477818983,2.0752573612539225,-0.11474264529714893,0.9605438174807099,0.1465932763877454,-0.708844094199135,-0.6144054529785202,-0.7063526220198367,-0.32438974511142327,-0.30537128530374147,-0.7415205952654798,-0.6059455483605292,0.3877156922366042,0.6989052183740725,-1.5230401352159477,-0.645039935104648,0.6150643773725929,0.22834364821264372,0.21869150982718993,2.0010849102564485,-0.3992159318540119,-0.2915440484700308,-0.5470232498075478,-0.5919167072983146,-1.1498722268526926,-0.2339797310138067,-0.14532757340364677,-0.020583477146782762,0.45043720187077435,-0.171250828519084
1989,11,0.03,26.25,-0.163,0.89,-0.45,-0.526,0.01954281161324454,0.4571292339900189,2.072637569211019,-0.11313417693616563,1.279502195369257,-0.7776217991432817,-0.7127653892568846,-0.6177634697909755,-0.7081813958076748,0.008786372859587112,-0.869812540655039,-0.7391893318323867,-0.6034151575427431,0.3930725561096991,-0.842559378280966,0.9219210412948051,-0.64553991998698,0.6142235068885229,0.22883592508266384,-1.8627197764013739,-0.4542357585684337,-0.4015934805356611,-0.2938920941999402,-0.5479269418924237,-0.9305962465485893,-0.5176373677685866,-0.23441269987827815,-0.14653541714374052,-0.02172433559567094,0.027779077164799198
1989,12,-1.15,26.46,-0.166,-1.58,-0.13,-0.099,-1.1244649940192788,0.021106684727290353,0.4562990921187002,2.072912910795491,0.020714507612021933,-0.5712886843108416,-0.7816173446517389,-0.7161958611563746,-0.6196140918008443,0.087325787400421,-0.8840672012538789,-0.8676744087516777,-0.736836618089963,-0.6008835962495145,0.29796470728611635,-1.5913215637095124,0.9200492880241025,-0.6449634003696093,0.6143237047906736,0.8044209915540258,-0.10210886759613418,-0.4566181965684762,-0.40394911837716085,-0.29498579080855086,-0.6126460751076397,-0.11254769922580732,-0.5177792191965205,-0.23555408150249263,-0.14757099788632672,0.0711694831432761
1990,1,0.7,26.56,-0.312,0.16,0.01,-0.312,0.6691065656588298,-1.1222413333394199,0.02075878392017121,0.4575595318079394,0.9599637823231894,-0.47303482010492015,-0.5750614784671758,-0.7850985351121531,-0.718022207363987,-0.3250061389389491,-1.577794017064089,-0.8819505284093767,-0.865493026474782,-0.7346853859901779,0.710086855852373,0.17914083819636312,-1.5909931430066597,0.9188655005800065,-0.643583786888095,0.216230251852835,0.051946647204246875,-0.1044600139584594,-0.4589776304657713,-0.40496020432327823,-0.5907184770772294,-0.31461818962302507,-0.11310529361495032,-0.5187091947287361,-0.23651525544513605,0.447534091521804
1990,2,1.16,26.96,-0.175,-1.68,0.21,-0.903,1.1150757102274405,0.670295813629575,-1.1213246909115269,0.022284669206503353,-0.11484724337721873,-0.08001936328122411,-0.476701542188815,-0.5783905132448174,-0.7869078882581861,-0.707885784825506,-0.9268311830503988,-1.5767216850840617,-0.8797881829619841,-0.8637085403829603,0.40339130343097274,-1.6930722764627235,0.17791933877209587,-1.5893535808132084,0.9186561624548918,0.22637147150285553,0.2720259540619341,0.049609190933422934,-0.10679515309866504,-0.4599474110806419,-0.5468632810164089,-0.8752926488941786,-0.31496839935001925,-0.11433717684376636,-0.5194336917226253,-0.02315748637515195
1990,3,1.13,27.33,-0.192,-1.97,0.04,-0.782,1.085990766016444,1.11600775287592,0.6692299094602032,-1.1191027482817066,2.073506736877666,0.2835199342806903,-0.08326179707536102,-0.47995812187942183,-0.5802508455755886,-0.6195289434670666,-1.0076075931104918,-0.9247788873824737,-1.5754857986724875,-0.8780444464266028,-0.5933692419385782,-1.988149343447036,-1.6926547798904963,0.17756998259739645,-1.5870144056471716,0.6117378182036356,0.08495854323289996,0.2697080550646834,0.04728468074944392,-0.10802928783351445,-0.29469590366669024,-0.7605014313445854,-0.8750674392064782,-0.3160496822524281,-0.11539967068420418,-0.14861235583466126
1990,4,2.03,27.9,-0.131,-0.72,0.08,0.088,1.9585390923463348,1.0869395829250714,1.1144488911742552,0.6703605757464193,0.45644870722029546,0.8435669602544544,0.2806699671545794,-0.08622855641782937,-0.4818427300124494,-0.717703211643108,-0.7177628276007465,-1.0056768987761013,-0.9226736524235905,-1.5757252072172045,-0.727548546122941,-0.7162654340318958,-1.987473526853622,-1.6909009120437029,0.17811384880529416,-0.6457734183989101,0.1289744046044374,0.08262402055311201,0.2673987291038853,0.04593489108710381,-0.40433389381874185,0.06485690971447305,-0.7603940317231761,-0.8757308592313908,-0.31694357345044233,-0.23727970718198366
1990,5,-1.37,28.02,-0.072,0.74,0.08,0.004,-1.3377545848999188,1.9589846814505283,1.0854128706276867,1.1153082130723315,0.020714507612021933,0.9614715973015635,0.8413216039412487,0.27797129163413925,-0.08821026775988222,-0.7864251993663364,-0.43742116915689444,-0.715395799069555,-1.0036795391844027,-0.9210521645575303,-0.8569357323007192,0.7692949721649882,-0.7167030658056656,-1.9853881726121372,-1.688458558201911,0.9159744077042516,0.1289744046044374,0.1266437933793641,0.08030178800261013,0.2658837181165584,-0.45915288889476763,-0.01483286114640154,0.06411724522288018,-0.7611430040461886,-0.8761569374638074,-0.5193173460420835
1990,6,0.29,27.64,-0.07,0.03,-0.08,-0.077,0.2716123281085463,-1.3354079129789764,1.9564934870247443,1.0862898888989023,-1.1218773935830064,0.5881069133190553,0.9593535274752851,0.8390359224169058,0.275899759823738,-0.5802592361966513,-0.42791806209100125,-0.43463211246814104,-0.7130113572779594,-1.0022889654715046,-0.8713120863204724,0.04686491161718851,0.7675568326983477,-0.7160465322309554,-1.9826466006106551,-1.5889068458508195,-0.04708904088171237,0.1266437933793641,0.1243245976734984,0.07892721514152201,-0.10831132040820256,-0.0916765687622449,-0.015490740137428708,0.06275314480609155,-0.7616648612444891,-0.11654118619839572
1990,7,0.56,27.38,-0.035,-0.79,0.09,-0.022,0.5333768260075136,0.27303082430131126,-1.3342555082530303,1.9568396141017745,0.6694743159176736,0.3326468663836527,0.5855857696175069,0.9571547920553839,0.8368260185336436,-0.48208496802061335,-0.2616136884378687,-0.4251146993630085,-0.43187327969631756,-0.7107922092507737,-1.5709613152817916,-0.7874909329591436,0.04575921082310836,0.7665445037342647,-0.7145946936764126,0.1756653732527529,0.13997836994732174,-0.049435297925644286,0.1243245976734984,0.12291698054741293,0.04518186580466965,-0.03949874260333892,-0.09225558316344085,-0.016795448876197567,0.0615426289274697,-0.3174576312726475
1990,8,1.12,27.07,0.039,-0.15,0.22,0.024,1.076295784612779,0.5346443538589485,0.2724042953237657,-1.3319037922201868,1.1148914977394644,0.028059887345291162,0.3298499352937616,0.583111704866874,0.9549157572094141,-0.08938789531645089,0.09000127300018296,-0.2585599700231867,-0.4223431753715162,-0.42885272372580446,-0.9144411483797317,-0.1362863713385917,-0.7878662116243512,0.045558451997753546,0.7664899336227827,-1.6903190423510246,0.2830299194048184,0.13764873658592713,-0.051766641010054695,0.12291698054741293,0.2644578461087728,0.004140893820473367,-0.04013130703466717,-0.09350302135554779,-0.01793947357189182,-0.8749300211265573
1990,9,1.18,26.94,0.133,-0.21,0.22,0.158,1.1344656730347715,1.0772501929414553,0.5337284802428832,0.2737768120428886,1.085842551098913,-0.0996701361224084,0.024934132830837678,0.3271874873168387,0.5809649180694783,0.27385689693489496,0.5366473050971675,0.09358431486672218,-0.2555663496874914,-0.4192954530300428,-0.9959071544916662,-0.19733679899051845,-0.13723173556779739,-0.7871296640923017,0.04623645048413293,-1.98441441220162,0.2830299194048184,0.2807129982712464,0.13533030009122046,-0.053042081076150785,0.07807326285028512,0.13126505209853523,0.003463542091216264,-0.04141763263500134,-0.09458292955341902,-0.7607943880092594
1990,10,0.76,26.93,0.099,1.22,0.21,-0.764,0.7272764540808225,1.1353865328431523,1.075734197112164,0.5349417296037503,1.95731095031546,-0.10949552254300228,-0.1029337843310332,0.022047074084107436,0.3251038176053094,0.8334502255383237,0.3750944849769816,0.5409027308079577,0.09704751033016097,-0.2520432158542136,-0.703587956090019,1.2576983933804022,-0.1982287176980993,-0.1372267442171366,-0.7856056004647303,-0.7167619559490538,0.2720259540619341,0.2807129982712464,0.2784044315216074,0.13391442189888567,0.12192845891110575,-0.7434250518743979,0.13045723302313758,0.0021446924767284142,-0.0425410767264561,0.05985024680106474
1990,11,-0.39,26.81,-0.067,-0.08,0.1,-1.47,-0.3876464073407045,0.7284321535312722,1.133806238205301,1.0766171141744263,-1.3349030022803847,-0.22740015959011142,-0.11276977795887104,-0.10591503469090846,0.020038659359572632,0.9512593473495728,-0.4136634014921613,0.37910670802070234,0.5449624135958275,0.10157579988896816,-0.42085299370154056,-0.06506087241134385,1.255532689740763,-0.1981551429554333,-0.136363024114398,0.7638561129539436,0.1509823352902061,0.2697080550646834,0.2784044315216074,0.27688115946803116,0.12192845891110575,-1.413198602205082,-0.7433351777173957,0.1290436395413325,0.000984836547003783,-0.01938440759441483
1990,12,0.11,26.95,-0.05,-0.15,0.35,-1.841,0.09710266284256816,-0.3858476945845897,0.7273019505533405,1.1346537625212842,0.27247204516346885,-0.089844749701818,-0.23080170149290757,-0.11575827382744976,-0.10789189087251005,0.5781971282806214,-0.33288699143206835,-0.41083857970530946,0.38295064007420343,0.5507675225897667,-0.41126875768837184,-0.1362863713385917,-0.06606858974911183,1.2539716936406384,-0.19722951564724164,0.043829517802485986,0.4260814688623151,0.14865367979249017,0.2673987291038853,0.27688115946803116,-0.05349232533217677,-1.7651617568406115,-1.4124213403885633,-0.7440968768285553,0.12777771434360433,-0.09578925290434155
1991,1,0.49,27.03,-0.209,0.0,0.49,-1.539,0.4655119561818553,0.09862180459621989,-0.38574550373178923,0.7283972240932775,0.5339125649284331,-0.011241658337077395,-0.09309779070319886,-0.23387714346592786,-0.11773270242882572,0.3229440310229157,-1.0883840031705845,-0.32994056831168167,-0.4080480188843141,0.3882939207618183,-0.24354462745791855,0.01633969779122514,-0.13723173556779739,-0.06614361235579044,1.2534218658855318,-0.7877504934991976,0.5801369836626962,0.42377725995656573,0.14633600250894255,0.2658837181165584,0.1328922579263109,-1.4786580568408005,-1.7640232757299275,-1.4126838665868422,-0.744632982137483,-0.04390941966920612
1991,2,0.74,27.07,-0.131,1.72,0.32,-0.743,0.7078864912734916,0.4668186239736351,0.09818817204435415,-0.3839718692215036,1.0761595688853958,0.028059887345291162,-0.01440984168050667,-0.09607179555437066,-0.23582244110459624,0.018603799677192657,-0.7177628276007465,-1.086574910169729,-0.327042132123502,-0.40495954698640024,0.11107210502932555,1.7664519571464585,0.015260719757957402,-0.1372267442171366,-0.06535211732608041,-0.13871243589788357,0.39306957283366206,0.5778464648484481,0.42147856295199426,0.1449118632503584,0.275421645123978,-0.7235026091591793,-1.4778136140773883,-1.7640234886836192,-1.4126611293344975,-0.0005190136907292178
1991,3,-0.61,27.32,-0.083,0.92,0.03,-0.772,-0.6009359982213445,0.7090533735640399,0.46597776563422305,0.09966686700231421,1.134257462166499,0.2736945478600999,0.024934132830837678,-0.017325882462050763,-0.09805107931619789,-0.10902274895165849,-0.4896882580193076,-0.715395799069555,-1.0846854259452146,-0.3237227460724261,0.5615311976482573,0.9524462551207685,1.7638408741599456,0.015094252628605188,-0.136363024114398,-0.19955975379800672,0.07395457789001558,0.3907624303368767,0.5755583968001032,0.4198478970371767,0.275421645123978,-0.7510145538611479,-0.7234331813773184,-1.4780273542544369,-1.763707082040011,0.12587912546396438
1991,4,0.17,28.01,-0.147,-0.86,0.19,-1.284,0.15527255126456088,-0.5990142742241459,0.7079446035222947,0.46723230653241576,0.7275722091987769,0.9516462108809731,0.2708339735267451,0.022047074084107436,-0.01932458686568304,-0.11884017576926403,-0.7937876841278927,-0.48697788454637075,-0.7130113572779594,-1.0835257663854787,0.3985991854243884,-0.8587164318863915,0.9505477790892535,1.7617083497931112,0.015803204717711107,1.250634656154929,0.25001802337616535,0.07161907734654899,0.388461455698828,0.5738120759577949,0.2644578461087728,-1.2367426810131454,-0.7509168906088537,-0.724209728407983,-1.4779499992446874,-0.7438155334959422
1991,5,0.12,28.2,-0.168,-1.53,0.26,-1.233,0.1067976442462336,0.15675814449791706,-0.5986763210732923,0.7090516746443247,-0.3859707453557001,1.1383285528722256,0.9495175338474509,0.2681280524976014,0.020038659359572632,-0.23664929758051312,-0.8935703083197722,-0.7915351039106163,-0.4842888534827254,-0.7107922092507737,-0.3968924036686187,-1.5404462073329066,-0.8590293574430367,0.949329699949155,1.760642628659229,-0.06772389834773984,0.32704578077635593,0.2476981686515574,0.06929608558488806,0.3868555729827585,0.14385605694151607,-1.1883596058476145,-1.2361465156621652,-0.7516729333697256,-0.7247624565126426,-1.4097639382960443
1991,6,-0.52,28.25,-0.144,-0.71,0.52,-1.946,-0.5136811655883554,0.10831119457983607,0.15626021313749136,-0.5967729131599835,0.09817836532015946,1.187455484975188,1.1364014127763382,0.9473115529188461,0.2660589482674258,-0.09920532213405643,-0.7795330235290527,-0.8914679415145094,-0.7892521918763705,-0.48141771255249366,-0.3154263975566842,-0.7060903627565747,-1.5401623245647416,-0.8582127959536477,0.9490894082213137,-0.13871243589788357,0.6131488796913492,0.32473277109749854,0.24538732426844115,0.06792977379004927,0.417951032321645,-1.8647739704167048,-1.1878130959791204,-1.2365405520046306,-0.7522027061850413,-1.7597169952094125
1991,7,-0.46,28.05,-0.122,-0.51,0.76,-1.083,-0.45551127716636264,-0.5118097643716002,0.10786684555987701,0.15770351534917235,0.46613168943381267,0.9909477565633418,1.1855813809155205,1.1343330965130993,0.9450749456531019,-0.020665907593222545,-0.6749988458042268,-0.7772589842529173,-0.8893182872867855,-0.7872503748168669,-1.0773731606036006,-0.5025889372501522,-0.7065369021172819,-1.5385799151979611,-0.8566165072530477,0.013405858852424402,0.8772440479205739,0.6108612944681372,0.32242724119249566,0.243888835413613,0.5714442185345173,-1.0460564435960527,-1.8635332574303136,-1.1882431915546694,-1.2366650452287686,-1.4748495472637597
1991,8,1.46,27.53,-0.123,-0.28,0.68,-0.277,1.4059251523374041,-0.453673424469903,-0.5115682594335865,0.10933964172679056,0.7082062447717424,0.48002766269254005,0.9888615083587952,1.1835492921957989,1.1320503652230682,0.018603799677192657,-0.6797503993371734,-0.6725674400964579,-0.7749570353891684,-0.8876017171223646,-0.703587956090019,-0.26856229791776637,-0.5032136283496089,-0.705891799107906,-1.5362923293698019,1.7576956386559557,0.7892123251774991,0.8749799314256498,0.6085755040532694,0.3208709248739221,0.38505963527602954,-0.281414118430994,-1.045655979264283,-1.8634592307864806,-1.1884080544255848,-0.7240068698970723
1991,9,0.61,27.14,-0.052,-1.37,0.42,0.405,0.5818517330258407,1.4066894523844058,-0.45349621834044934,-0.5097179406396962,-0.5989963540530783,0.09683759228943788,0.47738983971130816,0.9866845094650043,1.1812544230046396,0.2640394701172929,-0.34239009849796165,-0.6773261466490242,-0.6701258878163531,-0.7729144687732245,-0.47356629177396875,-1.377645066927769,-0.2693918635167849,-0.5027971366469169,-0.7044502784209387,0.9463980666543133,0.5031092262625056,0.7869403857731456,0.872712362078599,0.6068044000122131,0.06710946383507996,0.3655909259394403,-0.2817984054498906,-1.0461921314077245,-1.863059710164213,-0.7513616910574165
1991,10,0.3,27.58,-0.277,0.18,0.86,0.542,0.2813073095122118,0.5830913037770293,1.4048090966399414,-0.45168129229283815,0.1562762586012626,0.529154594795499,0.09378608822569204,0.4748360743649372,0.9844381918783577,0.9414419205319707,-1.4114896434109565,-0.3394579814168144,-0.6748909399787537,-0.6677844911198461,-0.780261844195369,0.19949098074700536,-1.3775037055506032,-0.26923827481677953,-0.5015619733114599,-0.8587390310493412,0.9872837013494175,0.500811862402507,0.7846667427368226,0.8707429924475587,0.2425302480783625,0.49556114746253344,0.364542618546903,-0.2829044348848076,-1.0464757285338677,-1.2343157749917681
1991,11,0.37,27.9,-0.276,0.02,1.2,0.57,0.34917217933786987,0.2827202142849275,0.5821218478204975,1.4054914548066222,0.10786134753367664,0.8435669602544544,0.5265698078504868,0.09094974803988604,0.47271599095002337,1.1279730300664448,-1.40673808987801,-1.41016695574424,-0.3365722364483035,-0.672563126467727,-0.8808963223336411,0.03668984034186739,0.19825166614886316,-1.37610418522917,-0.26824042243555923,-1.538200747600717,1.3614185230074856,0.98502936349128,0.4985184798760487,0.7827634616357769,0.3192768411847986,0.5221244044161583,0.4943794518131211,0.36295438524996837,-0.283826030742375,-1.18620902053737
1991,12,0.34,28.29,-0.229,0.01,1.69,-0.121,0.3200872351268736,0.3505459441702408,0.2820829688392886,0.583305603226132,-0.5118495141314235,1.2267570306575566,0.8413216039412487,0.5240522700476332,0.08892434025377181,1.1770601641544656,-1.1834150738295175,-1.4054082491916737,-1.4087089729884628,-0.33328001676818775,-0.7658854901756159,0.026514769066546266,0.035593047134724706,0.19787944884349531,-1.3739816852822189,-0.7066207362990332,1.9006128248088192,1.3591974325144227,0.9827693862558198,0.49682998649748583,0.6043356155801328,-0.13341882968936972,0.520915446933224,0.4926943535175113,0.36149294431196505,-1.8587603132037618
1992,1,-0.66,28.38,-0.205,-0.02,1.84,0.132,-0.6494109052396717,0.3214777742193923,0.3498336834479487,0.283449586767365,-0.4537516208503204,1.3151855084428876,1.2249253554268646,0.8390359224169058,0.5219200487315913,0.980711627802386,-1.0693777890387979,-1.1817490412210558,-1.4039439208260622,-1.4084729700413756,-0.6604588940307596,-0.0040104447594171075,0.025426883446341055,0.0354037188747041,0.19840267931624203,-0.5037963432986227,2.0656723049520846,1.898439649636011,1.35696326845837,0.9807174059622861,0.8674667919450566,0.10659917064159785,-0.13395500406645977,0.5192105514116075,0.49112446862639986,-1.0447185662597278
1992,2,0.77,28.53,-0.109,-0.03,1.78,0.372,0.736971435484488,-0.6474612241422268,0.32079766290138007,0.35115900983869947,1.4053809641449801,1.462566304751775,1.3134492980773913,1.2229222487419569,0.8368260185336436,0.47020543328697795,-0.6132286498759203,-1.0675400839594638,-1.1799864691932287,-1.4036943346934947,-0.6652510120373439,-0.014185516034738228,-0.005071607618809902,0.025248985751654643,0.03609203522865899,-0.27054829134815045,1.9996485128947785,2.0635137977344566,1.8962426869267512,1.3546304119123591,0.7797563998234154,0.3342842302440967,0.10581666612589911,-0.13517133233198494,0.5176185027928536,-0.28444319194119766
1992,3,0.51,28.66,-0.108,0.41,1.38,0.274,0.4849019189891862,0.7381215435148885,-0.6470696886509066,0.32214068566527043,0.582327475996019,1.5902963282194744,1.4609892024949378,1.3115114009708146,1.2206176692298951,0.087325787400421,-0.6084770963429736,-0.6107042549130954,-1.0656252172956115,-1.1790984733430954,-0.325010633569853,0.4335176200793912,-0.015237771307193554,-0.005215213617493718,0.025947619973185048,-1.3759412332003884,1.5594898991794042,1.9974841384950783,2.0613282231925822,1.8935050381345226,0.4946976254280811,0.2413128309064097,0.3332680528696388,0.10442145578252872,-0.13621641181498934,0.35886674017448167
1992,4,1.88,29.02,-0.199,0.32,1.2,0.748,1.813114371291353,0.4861974039408675,0.7369806240688633,-0.6451367867823653,0.28215502737698606,1.9440102393607983,1.5888571196568086,1.4591599880189132,1.3091849732367222,0.5192925673749952,-1.0408684678411184,-0.6059455483605292,-0.6081802097051437,-1.0644112249939552,-1.4032371850513385,0.3419419786015011,0.43207343098168716,-0.01536994674054317,-0.004485625793236775,0.19594781255279395,1.3614185230074856,1.5572864102325572,1.9952940086862498,2.0584666584066142,0.9771047820971082,0.6909908236213449,0.24039206994927845,0.3317031520176405,0.10317611118904003,0.48809468841472814
1992,5,2.49,28.98,-0.237,-0.67,1.04,1.578,2.404508236914946,1.8136438316962857,0.4853351126652688,0.7380699988177538,0.3499359028716064,1.9047086936784299,1.9429528902589148,1.587122096793929,1.4567971465814362,0.8334502255383237,-1.2214275020930907,-1.038987844644066,-0.6034151575427431,-0.6056622315973953,-1.3984450670447541,-0.6653900776552902,0.3405779577862343,0.43143831067363275,-0.014630041048710714,0.03368829815246546,1.185355077521336,1.3591974325144227,1.555065911977367,1.9924820102977776,1.3498739486140834,1.4784016547466536,0.6896085587681643,0.2388964593883032,0.3302678326157873,0.5145062398798879
1992,6,0.51,28.3,-0.166,2.34,0.58,1.485,0.4849019189891862,2.4046966206968734,1.8113133842919016,0.4865778559813685,0.32088695623105484,1.2365824170781505,1.9036089157475704,1.9414787057093599,1.5847276968135189,1.2163298714248807,-0.8840672012538789,-1.2198186936415865,-1.0370349043212075,-0.6008835962495145,-1.1732155207352883,2.3973063762163678,-0.6658722473637474,0.3400457125661877,0.4317242301921426,0.023547078502444932,0.6791726717486554,1.1831183412094144,1.35696326845837,1.552584356238868,1.8871001003591361,1.3901736941506853,1.4762112712569306,0.6877778094526489,0.23753871303319885,-0.13729311949244988
1992,7,0.19,27.51,-0.235,-1.03,0.22,1.856,0.1746625140718918,0.4861974039408675,2.4017124687387965,1.8117479932346292,-0.6474112651206643,0.4603768898513558,1.2347613490547025,1.9021057491632016,1.9389969128408269,1.3046867127833166,-1.2119243950271974,-0.8819505284093767,-1.2181068864924345,-1.0357394129066704,-1.0582046885772631,-1.0316926435668505,2.394143022839732,-0.6652728666157083,0.34042449289287724,-0.006876580447616659,0.2830299194048184,0.6768909537075153,1.180872029774817,1.3546304119123591,2.0515570855872136,1.7421368487862148,1.3880738588937316,1.4737936755990773,0.6860448628510245,0.10135411338917309
1992,8,0.97,26.91,-0.396,-1.24,0.05,1.308,0.930871063557797,0.1761369244651494,0.4853351126652688,2.4017872514276872,0.737255191412294,-0.12914629538418657,0.45771785245563595,1.2327654878784984,1.8996336666155713,1.4519481150473788,-1.9769245138316072,-1.2103012805364537,-0.8797881829619841,-1.217327556126142,-0.5981613599451626,-1.245369140348594,-1.0318541401455588,2.391301803422177,-0.6638726173990429,-0.01701780009763719,0.09596250857578432,0.2807129982712464,0.6746097185596018,1.178671350288795,1.9857742914959826,1.2222559626938423,1.7396757942350958,1.3857220183079715,1.471403732785192,0.3277388402334004
1992,9,-0.28,26.65,-0.385,1.59,-0.06,0.961,-0.28100161190038453,0.9319093431872122,0.17561756016853708,0.4865778559813685,0.4854976538608471,-0.3846063423195891,-0.1324417652145432,0.4551495960918581,1.230458480786211,1.57957466367623,-1.9246574249691941,-1.976453035499634,-1.208576782167633,-0.8780444464266028,-0.5933692419385782,1.6341760305672839,-1.2453435776016155,-1.0308432590454886,2.3895963744986135,0.42919586450326613,-0.025081110195943643,0.09362896375967503,0.2784044315216074,0.6727890481210496,1.5472223308877762,0.8930613140185627,1.2203284611702234,1.7370616404047483,1.3834056907323278,0.23529841010534094
1992,10,-1.4,26.42,-0.316,-0.08,-0.3,1.34,-1.366839529110915,-0.27926440476481157,0.9305540943793207,0.17704906479812504,1.8120662171127022,-0.6105902299932101,-0.38817759953828845,-0.13544475210052886,0.45303436783739554,1.9330020291099739,-1.5968002311958756,-1.9241072634214043,-1.975750180314147,-1.2077702854303802,-1.0294519805377569,-0.06506087241134385,1.6316807462109584,-1.244092654629527,-1.0290715665961048,0.33792488765308143,-0.28917627842516824,-0.027425411512518233,0.09130749042033219,0.27688115946803116,1.3498739486140834,1.2526139706408423,0.8914716645032332,1.2181017673345764,1.7344516434378412,0.6824082456226899
1992,11,1.12,26.42,-0.35,-0.73,-0.28,1.3,1.076295784612779,-1.3644760829298248,-0.27928009506103774,0.9315254933072808,2.402728132137251,-0.6105902299932101,-0.6144054529785202,-0.39136896965056417,-0.13741432554145355,1.8937323218395585,-1.7583530513160615,-1.595756511294327,-1.9233346065277392,-1.9771305764391949,-1.2115524647879632,-0.7264405053072169,-0.06606858974911183,1.6296968191934684,-1.2421042869610575,-0.6660558576989513,-0.2671683477393996,-0.2915440484700308,-0.029755236174610556,0.08992465649299473,1.174453164370801,1.2146664607070925,1.2506553127360553,0.8894903148613105,1.2159255461801015,1.4653220926256427
1992,12,0.35,26.44,-0.3,-0.18,-0.15,0.454,0.32978221653053896,1.0772501929414553,-1.3632915287995986,-0.27757134725226373,0.4854976538608471,-0.5909394571520258,-0.6144054529785202,-0.6177634697909755,-0.39327542600562243,1.2261472982424861,-1.5207753746687291,-1.7575525340815823,-1.5945460073220903,-1.9245655876125056,-0.8713120863204724,-0.16681158516455508,-0.7268692294940492,-0.06614361235579044,1.6287652303380677,2.3864512569572285,-0.12411679828190289,-0.2695341620569048,-0.2938920941999402,-0.03104719837320532,0.6701184096713637,0.41207662560828384,1.2127467482787655,1.248405993499258,0.8875887656172626,1.3775980109735046
1993,1,1.35,26.69,-0.256,-1.29,0.14,-0.103,1.2992803568970843,0.3311671642030084,1.075734197112164,-1.3609221163936156,0.175642223028297,-0.3453047966372171,-0.594733465722848,-0.6177634697909755,-0.6196140918008443,0.45057057965177033,-1.311707019219077,-1.5196172064532656,-1.7565577808437143,-1.594839748608728,-1.2019682287747944,-1.2962444967251998,-0.16773022663294834,-0.7262012653540049,-0.06535211732608041,-1.0311397650996903,0.19499819666174356,-0.12646990037158545,-0.2718806893644961,-0.29498579080855086,0.275421645123978,-0.11634245021918227,0.4109806100070832,1.210525710793406,1.2462044423703345,1.7275510678868726
1993,2,0.12,27.16,-0.202,0.06,0.41,0.273,0.1067976442462336,1.3001061625646277,0.33047633641690294,1.0766171141744263,0.9309148356826378,0.11648836513062216,-0.3488336250269406,-0.5980769915178964,-0.6196140918008443,-0.13847502940447162,-1.0551231284399583,-1.310234118140347,-1.518305172723679,-1.7573133504366762,-1.9734992278348795,0.07739012544315188,-1.296174396043534,-0.16769094358628497,-0.7247391089318865,-1.2441053777501214,0.49210526091962126,0.19267345261874227,-0.12880655793410917,-0.27299090810560545,0.08903706186549028,0.24036414315806595,-0.1168961500606793,0.409357731564637,1.2083558221325432,1.210639274925887
1993,3,0.3,27.67,-0.26,-0.1,0.39,0.62,0.2813073095122118,0.10831119457983607,1.2983436879691899,0.33181346038974674,-0.279457941007011,0.6175830725808334,0.1134580754813642,-0.3519960131044024,-0.5999324686882165,-0.39372812666217744,-1.3307132333508636,-1.053263964301765,-1.3086428775780479,-1.5183815830426346,-1.9207859297624514,-0.0854110149619861,0.07625770188825931,-1.2948663202447743,-0.16679626988081983,1.625859783205689,0.4700973302338526,0.4898069191959439,0.19035881217983083,-0.1300241705364599,-0.031564727301766446,0.5695587918333456,0.2394443558378462,-0.11812520511435157,0.40785750410325927,0.8833246906969416
1993,4,0.91,28.41,-0.189,0.59,0.59,1.158,0.8727011751358044,0.2827202142849275,0.10786684555987701,1.2990909328373825,-1.363951948920936,1.3446616677046657,0.6150937505010169,0.11063622631296513,-0.35391217978036327,-0.6195289434670666,-0.9933529325116519,-1.3292689443506123,-1.0513300608084097,-1.3081216277358778,-1.590129787308129,0.6166689030351714,-0.08640091712587913,0.07602265136690191,-1.2928263632384274,-0.06772389834773984,0.6901766370915396,0.46779703278281787,0.4875127774583266,0.18890162865624935,-0.29469590366669024,1.0799528004422805,0.5683011525048365,0.2379494523206569,-0.11918453270798328,1.240823905171784
1993,5,-0.67,28.71,-0.18,1.49,0.78,1.787,-0.6591058866433372,0.8737730032855151,0.2820829688392886,0.10933964172679056,1.0761595688853958,1.6394232603224368,1.3429572789609012,0.6126414222764944,0.10860596336639965,-0.6195289434670666,-0.950588950715132,-0.9914007791184024,-1.3277030862276507,-1.050075318950313,-1.753061799531998,1.5324253178140725,0.6150643773725929,-0.08645307860188935,0.07666969625055475,-0.7269031755990744,0.8992519786063427,0.6878958969140783,0.46550137262288255,0.4858325451460131,-0.27276830563627996,1.6766773941504962,1.078171344455386,0.5665609047939226,0.23659249752725406,1.2030931173644126
1993,6,-0.29,28.08,-0.197,-0.48,0.35,2.128,-0.2906965933040499,-0.6571506141258431,0.8724820532861836,0.283449586767365,0.330569938444572,1.0204239158251165,1.6380370877959909,1.3410411183804352,0.6104873527384217,-0.599894089831859,-1.0313653607752251,-0.9485724201453054,-0.9893843826972005,-1.3272361691274013,-1.513455899202779,-0.4720637234241888,1.5300191093271216,0.6142235068885229,-0.0856409478370283,-0.16913609484794515,0.4260814688623151,0.8969898178387758,0.6856154209773239,0.4638376624430677,-0.13023891843861288,2.0001799163357137,1.6742835205462705,1.0760507071876315,0.5649292780900927,0.4050869552385114
1993,7,-3.14,27.52,-0.293,-0.18,0.23,1.707,-3.053766293348704,-0.28895379474842775,-0.6567483621664295,0.8734888449604228,1.2988681597962912,0.47020227627194616,1.0183694892423016,1.6363382924766285,1.3387074079056658,-0.3544584193917587,-1.4875144999381027,-1.0294704315389331,-0.9464989132355941,-0.987953059427862,-1.3026027069130663,-0.16681158516455508,-0.4727151372844579,1.5281494879629738,0.6143237047906736,-1.294811476000224,0.2940338847477028,0.42377725995656573,0.8947237669140432,0.6837864894725223,0.1877112530023367,1.6007823742829967,1.9974540325446677,1.6717181527371536,1.0739932202883844,-0.12031426497913285
1993,8,0.03,26.99,-0.245,-0.63,0.13,2.158,0.01954281161324454,-3.0504299400790424,-0.28895876857656055,-0.6548095615068417,0.10786134753367664,-0.05054320401944944,0.46755384608347034,1.0162142268746213,1.6339317545950902,0.1069606410356286,-1.259439930356664,-1.4863062605853012,-1.0275047999964062,-0.9449453412969344,-1.0438283345575101,-0.6246897925540057,-0.16773022663294834,-0.47233293727776854,1.5273210777833282,0.07425317675254758,0.1839942313188592,0.29171794147780944,0.42147856295199426,0.8927378751505043,0.48373382641287593,2.0286405487860257,1.5984663916316906,1.9946475628045415,1.669162773527651,0.23435514041015665
1993,9,-0.41,27.07,-0.181,1.18,0.35,1.506,-0.4070363701480353,0.021106684727290353,-3.047380720500578,-0.28724412197674004,0.28215502737698606,0.028059887345291162,-0.053753816191854514,0.4649928352283959,1.0139606265472976,0.6076494087334346,-0.9553405042480787,-1.2578883460621173,-1.484949807586874,-1.0261821422109088,-1.321771178939404,1.2169981082791177,-0.6252075926102127,-0.16769094358628497,-0.47112872754503804,-0.08800633764778092,0.4260814688623151,0.18166850941217924,0.2894101339393294,0.4198478970371767,0.46180622838246566,1.410096136865904,2.025885455887635,1.59595758732545,1.991822261054821,0.5616697246391019
1993,10,-0.26,26.77,-0.259,0.76,0.06,1.516,-0.2616116490930536,-0.40522647455182204,0.02075878392017121,-3.0439849184525016,0.8728169424015347,-0.26670170527248,0.024934132830837678,-0.05669883900821246,0.4628751793937077,1.3341389932361298,-1.325961679817917,-0.9533311266978717,-1.25622730379164,-1.4849311356074686,-0.9815308004719131,0.7896451147156305,1.2148680349872283,-0.6246539341235103,-0.16679626988081983,0.6117378182036356,0.10696647391866866,0.42377725995656573,0.17935310976210875,0.2878786008195039,0.6810822086865689,1.4195830143493413,1.4079758552338086,2.0230577748339305,1.5934655330520688,1.0691488206482447
1993,11,2.56,26.71,-0.335,1.9,0.0,1.133,2.472373106740604,-0.2598856247975792,-0.405102850762835,0.022284669206503353,-0.6570942473341814,-0.3256540237960328,-0.27014567600425193,0.022047074084107436,-0.058687833090942214,1.6286617977642508,-1.687079748321862,-1.324510237798046,-0.9512639653979947,-1.2555566389091888,-0.9384017384126536,1.9496032401022385,0.787889160075115,1.2133527611484405,-0.6232949563771472,1.5244475867054834,0.04094268186136252,0.10463390696623806,0.42147856295199426,0.1779041873047766,0.8893943899754669,1.0562356067336869,1.417452996348131,1.4056091667285435,2.0202087262331645,1.6624654589191572
1993,12,1.36,26.76,-0.31,-0.04,0.16,0.738,1.3089753383007499,2.4725223505821865,-0.259922748029992,-0.4033174186704563,-0.28914092322052815,-0.2765270916930704,-0.32916163777126844,-0.27325010001208605,0.020038659359572632,1.0101639082551956,-1.5682909099981956,-1.6861719357930876,-1.3229380340652501,-0.9497239766448153,-1.019867744524588,-0.024360587310059356,1.9468318205508512,0.7868539699803636,1.212844204863636,-0.473372684348561,0.21700612734751226,0.03860424772685991,0.10231319283805426,0.4198478970371767,0.417951032321645,0.6815039461379074,1.05447849166958,1.4150792374050067,1.403276216357168,1.9841204249769973
1994,1,0.7,26.64,-0.313,-0.24,0.1,0.968,0.6691065656588298,1.3097955525482439,2.4694631833474565,-0.258225797803311,-3.0487908540729274,-0.39443172874017957,-0.27998166963208626,-0.33230953483132336,-0.27518568732985194,0.4603880064693724,-1.5825455705970357,-1.567204271978929,-1.685081998407704,-1.3224575337795204,-1.4799110731566882,-0.2278620128164818,-0.025403934995577207,1.9444935460080013,0.7867787641337306,-0.16913609484794515,0.1509823352902061,0.21468333903186831,0.036278978331721855,0.10092209784446747,0.28638544413918315,0.8997021282569689,0.6801314176538418,1.0523755304964741,1.4127383714166157,1.5870038833044149
1994,2,0.08,26.81,-0.326,1.25,0.06,0.496,0.0680177186315718,0.670295813629575,1.3080223614847126,2.469496674499022,0.020714507612021933,-0.22740015959011142,-0.3980135931661228,-0.28309333914862383,-0.33423055666773543,-0.05993561486364123,-1.644315766525342,-1.581480391636628,-1.565955694347686,-1.685633820218464,-1.2498894088406383,1.2882236072063658,-0.22872720876325026,-0.025524679863592626,1.9432421032577598,-0.6254909790988691,0.10696647391866866,0.14865367979249017,0.21237021701527495,0.03493744973563107,0.17674745398713154,0.45192151103872114,0.8981056632832589,0.6783077387761859,1.050337832639765,2.0124185158325254
1994,3,0.92,27.39,-0.296,-0.72,0.11,0.485,0.8823961565394698,0.06955363464537132,0.6692299094602032,1.3087637075618588,-0.4053367097827344,0.3424722528042466,-0.23080170149290757,-0.40121220878710195,-0.2850264988861641,0.018603799677192657,-1.5017691605369428,-1.6433435768199904,-1.5802508508348883,-1.566167936521443,-0.943193856419238,-0.7162654340318958,1.286031180805914,-0.2286193423245817,-0.024774456304184657,1.210069777554847,0.1619863006330905,0.10463390696623806,0.14633600250894255,0.2108965113591948,0.417951032321645,0.44148594580693995,0.45078460268723763,0.8961193643348346,0.6765827077915767,1.3974066745723743
1994,4,1.1,28.08,-0.217,0.4,0.26,0.749,1.056905821805448,0.8834623932691313,0.06915215149778554,0.6703605757464193,-0.26009197657997657,1.0204239158251165,0.33968592892159943,-0.23387714346592786,-0.4031162375619346,-0.2759190048509283,-1.1263964314341577,-1.5005823802430003,-1.6421965289460976,-1.5805038425650855,-1.3169790609328196,0.4233425488040701,-0.7167030658056656,1.2844358930097868,-0.22766276141366346,0.7841385522539847,0.32704578077635593,0.15965862299905317,0.10231319283805426,0.1449118632503584,0.10000086088069543,0.6919395113696887,0.4403597474614829,0.44913202840578154,0.8942122741588762,1.4068393715242171
1994,5,-0.48,28.24,-0.224,0.52,0.31,0.691,-0.47490123997369355,1.057871412974223,0.8821607268017064,0.07064854282888514,2.4705090076318714,1.1776300985545942,1.0183694892423016,0.33703072645338,-0.23582244110459624,-0.33482356575655114,-1.1596573061647844,-1.12464456259026,-1.4992449640740761,-1.6426261020875363,-1.6811800294332324,0.5454434041079236,0.4219072672933035,-0.7160465322309554,1.2838551116519537,1.940237592356325,0.3820656074907777,0.32473277109749854,0.1573417049266646,0.10092209784446747,0.03421806678946449,0.6369156219657515,0.6905562728795965,0.43871495066167226,0.44759855535294,1.0455670782686377
1994,6,1.84,28.04,-0.239,-1.54,0.32,0.088,1.7743344456766914,-0.47305220443713536,1.0563768500811181,0.8831616196848991,1.3085511420098084,0.9811223701427478,1.1757453872876826,1.0162142268746213,0.33494462916162504,-0.28573643166853036,-1.230930609158984,-1.1579555084582243,-1.1228058432444201,-1.4992670416511111,-1.5613770792686228,-1.5506212786082278,0.5439012315539073,0.4212835775505833,-0.7145946936764126,-0.02715901974765772,0.39306957283366206,0.37975748713031365,0.32242724119249566,0.1559093046018311,0.20963885103274701,0.06485690971447305,0.635588854416526,0.6887248165202952,0.4371901847875474,0.6729755486708471
1994,7,1.34,27.54,-0.248,0.6,0.24,-0.376,1.2895853754934188,1.774886271761821,-0.47285356537149503,1.0572715647254736,0.6694743159176736,0.48985304911313043,0.9790255147309573,1.1737060530592576,1.0139606265472976,-0.40354555347977944,-1.2736945909555037,-1.2293361067467192,-1.1561612083812252,-1.1217548491685254,-1.575753433288376,0.6268439743104925,-1.5503284882531252,0.5431403750271767,0.42157981493666874,-0.22998341274806833,0.30503785009058715,0.3907624303368767,0.3774557532811059,0.3208709248739221,0.14385605694151607,-0.37533420551702473,0.06411724522288018,0.6337984065968097,0.6869910783569694,0.8899275785632316
1994,8,0.36,27.38,-0.252,0.5,0.53,-0.546,0.33947719793420444,1.2904167725810116,1.7725986902298103,-0.4710268417417908,0.06912941867960788,0.3326468663836527,0.4872258333391425,0.976841270328463,1.1714136114483238,-0.23664929758051312,-1.2927008050872903,-1.2721644657198161,-1.2276369908172358,-1.1552052966036912,-1.638050967373973,0.5250932615572813,0.6252305410609765,-1.5487346483210107,0.543312798002356,1.2810583151049908,0.6241528450342336,0.3027228846843725,0.388461455698828,0.3758581316312858,0.10000086088069543,-0.5366111227354615,-0.37562210248168315,0.06275314480609155,0.632110579012172,0.4447042824362512
1994,9,-1.14,27.2,-0.169,-0.02,0.48,-0.905,-1.1147700126156133,0.34085655418662464,1.2886650144536669,1.773056894336724,0.8824999246150519,0.1557899108129907,0.3298499352937616,0.48467931350147503,0.974597380322042,0.33276145784052125,-0.8983218618527189,-1.2911992919300816,-1.2705224602788423,-1.2268848268219037,-1.4942874271764415,-0.0040104447594171075,0.5235689041771401,0.6243782400115724,-1.5464367446252758,-0.7167619559490538,0.5691330183198118,0.6218662376747003,0.3004158363570515,0.3868555729827585,0.15481985595672124,-0.877190024390866,-0.5367335014251655,-0.3766581345817912,0.0615426289274697,0.4343283157892241
1994,10,-0.54,27.47,-0.076,-1.33,0.75,-0.76,-0.5330711283956863,-1.1125519433558038,0.3401550099324258,1.289418158112906,1.0567936044583615,0.4210753441689837,0.15280204999270855,0.3271874873168387,0.48255680250633554,1.0101639082551956,-0.45642738328868104,-0.8962266480670757,-1.289582668928445,-1.269892544952831,-1.1157101046562756,-1.3369447818264844,-0.005071607618809902,0.5228309087810779,0.6244681200461475,0.4190546448532457,0.8662400825776895,0.5668415216418851,0.6195812064709916,0.29887604217097663,0.3192768411847986,-0.739630300881023,-0.8769628674293427,-0.5376493360816621,-0.37750136583090826,0.6833515153178742
1994,11,0.54,27.81,-0.037,-0.53,1.11,-1.759,0.5139868632001826,-0.5311885443388326,-1.111646017396004,0.3414862351142231,-0.47311758527735476,0.7551384824691234,0.41837387794428815,0.15000918285912332,0.3251038176053094,1.16724273733686,-0.27111679550376194,-0.4536669386784064,-0.8940833394491863,-1.2890070863443546,-1.1492549307023663,-0.5229390798007945,-1.3368390507970684,-0.005215213617493718,0.5230239674914081,0.5407492806534919,1.2623828349215265,0.8639749882190867,0.5645526943823811,0.6178018413636859,0.3740958362608244,-1.6873693614764245,-0.7395443212716667,-0.8776248733666835,-0.5383580018415209,0.6286418729971859
1994,12,1.78,27.85,-0.108,1.35,1.25,-2.11,1.7161645572546986,0.5152655738917161,-0.5309256064646323,-1.1094299735572304,1.7733342882586336,0.7944400281514955,0.7527976612907221,0.41577663954569644,0.14796920959165533,0.9708942009847804,-0.6084770963429736,-0.2680773831283193,-0.4509334883459204,-0.8923803524702454,-1.2211367008011318,1.3899743199595769,-0.5235459557263762,-1.3354852527369723,-0.004485625793236775,-1.5483419672507375,1.4164383497219075,1.2601529436553558,0.861706659660877,0.5628146346063222,0.38505963527602954,-2.020358761145079,-1.686310718592483,-0.7403088485579701,-0.878049368475697,0.05985024680106474
1995,1,0.57,27.57,-0.08,-0.09,1.02,-0.768,0.5430718074111789,1.7167499318601238,0.5143711332118375,-0.529063490088649,1.289185177582774,0.5193292083749086,0.79214163580207,0.7504467701880481,0.41367112161213637,0.48002286010457995,-0.47543359742046765,-0.6059455483605292,-0.2650964540122928,-0.4479672651173278,-1.2642657628603913,-0.07523594368666496,1.3876928176897507,-0.5231066028930159,-1.3334040242603231,0.6218790378536562,1.1633471468355672,1.414222148547238,1.2579119466988715,0.859745551096086,0.29734924315438827,-0.7472198028677729,-2.018958371705202,-1.6863689091366225,-0.7408481201137038,-0.3778268917644414
1995,2,0.85,27.49,-0.057,-2.08,0.73,0.049,0.8145312867138116,0.5443337438425646,1.714526649136673,0.5155961801547976,0.3402529206580892,0.440726117010168,0.5167338142226525,0.7898197267342097,0.7482587145268166,0.3229440310229157,-0.3661478661626949,-0.47270176488867177,-0.6034151575427431,-0.26160048654997525,-1.283434234886729,-2.1000751274755687,-0.07623475343749547,1.3859832242402814,-0.5218508038224078,0.5204668413534509,0.8442321518919208,1.1611084547962884,1.4119917805469804,1.2556534397491046,0.615299414595338,0.027858087529067,-0.7471260341631246,-2.018768389880474,-1.686117410552539,-0.5381827399457692
1995,3,0.91,27.75,-0.001,-0.32,0.46,0.571,0.8727011751358044,0.8156366633838179,0.543407153758406,1.7150202459898658,-1.112194411369489,0.6961861639455705,0.4380458651999603,0.5142090309110954,0.7876219607520758,0.1462303483060438,-0.1000608683176828,-0.3632515141796461,-0.46999369699552324,-0.6008835962495145,-0.8856884403402255,-0.3092625830190508,-2.0993013274258425,-0.07629834547883989,1.3852992642066932,-0.006876580447616659,0.5471250876340431,0.8419651018059606,1.1588606249393727,1.4096176186697225,0.5604804195193122,0.523073092164502,0.027156394877022483,-0.7478849050991405,-2.018239053139157,-0.8768165605169258
1995,4,-1.07,28.1,0.058,-0.98,0.28,0.671,-1.0469051427899554,0.8737730032855151,0.8144100121930463,0.5446145043282266,-0.531215478558458,1.0400746886663041,0.6937816995237056,0.4354631178187755,0.512079237175279,0.41130087238135166,0.18028079012616918,-0.09676394723593125,-0.360397497260307,-0.46708180650885117,-0.4400214657278781,-0.980817287190245,-0.3100565182703195,-2.097090236965681,-0.07549653258155435,-1.3353763546003063,0.34905371146212466,0.5448316352287591,0.8396952548254328,1.1566764675858496,0.8565029929298514,0.6179418669988767,0.5218631610446562,0.02581986916788589,-0.7484178441612621,-0.7400424547152051
1995,5,-1.33,27.82,0.254,-0.35,-0.11,1.139,-1.2989746592852571,-1.0447262134704907,0.8724820532861836,0.8154521966135646,0.5145466005013987,0.7649638688897173,1.0380414764979773,0.6913873353688108,0.4333527447247642,0.7450933841798878,1.1115852825837114,0.18399973936548258,-0.09355457616586735,-0.3571731935075919,-0.2531288634710873,-0.3397877968450142,-0.9810233217036405,-0.3098572073089773,-2.094235168420868,-0.5240787825986638,-0.08010093691036543,0.3467426575106246,0.542541289546937,0.8377506683931405,1.251199757477237,1.0619277332237493,0.6166345721878812,0.5201575584792539,0.024640224195623287,-1.6823688802043013
1995,6,0.44,27.59,0.346,1.69,-0.14,1.108,0.41703704916352813,-1.2966503530445115,-1.043895302787344,0.8734888449604228,1.7152363949775304,0.5389799812160928,0.76263365491856,1.0359007051477038,0.689213845188933,0.7843630914503065,1.5487282076148023,1.1167062236684844,0.18758350141577443,-0.08956961402626522,-0.5933692419385782,1.735926743320495,-0.3405550093354704,-0.9800695934302412,-0.308818083457455,1.382470511605196,-0.11311283293901855,-0.08245012754533336,0.34443864602793983,0.5408197519033768,1.4046929436901092,1.0325184130250933,1.0601647763381734,0.6148582652438839,0.5185647182987985,-2.0134565432139837
1995,7,-0.19,27.08,0.296,-0.36,-0.21,1.433,-0.19374677926739542,0.41837167405555414,-1.2955408141909388,-1.041720550485896,0.5435955471419501,0.03788527376588156,0.5364058014783247,0.7602900093245895,1.033642249659929,0.5094751405573931,1.3111505309674703,1.5545072265045872,1.1215337252463131,0.19236987149870402,-0.4591899377542156,-0.34996286812033534,1.7333423830947947,-0.34032140667812566,-0.9783494903187351,-0.07786511799776037,-0.19014059033920905,-0.11546495716502243,-0.0847837482632209,0.34286580757686763,1.1525255663403906,1.3408419312368105,1.0307856388837737,1.0580575729023518,0.6131862688932765,-0.7475886122766794
1995,8,0.76,26.23,0.165,0.06,-0.63,0.332,0.7272764540808225,-0.19205989491226585,0.41758439805660874,-1.2932126933222814,0.8147190491204315,-0.797272571984466,0.034770126458672015,0.5338955091841745,0.7580995260831322,0.4309357260165592,0.6886970181514601,1.3165718988762705,1.559918524187178,1.1289823996833475,-0.34897122360277494,0.07739012544315188,-0.3507211730238541,1.7312441504239626,-0.3392513292238768,-2.0959678283518457,-0.6523071347403522,-0.19249955961096357,-0.11780085551638712,-0.08603440513056898,0.8345753948994411,0.2963367203103469,1.3387927250992546,1.0287003538053168,1.0560151256754338,0.023062728688877796
1995,9,0.45,25.88,0.036,0.22,-0.84,1.48,0.42673203056719355,0.7284321535312722,-0.19217203342133188,0.418868432910034,0.8728169424015347,-1.1411610967051995,-0.8012893319074111,0.031890313220645235,0.5317608602879069,0.686188823274265,0.075746612401343,0.6931813404900805,1.3216659160671427,1.5686168516883843,-0.08061261523404964,0.24019126584828984,0.07625770188825931,-0.35047613980117515,1.7302093828928071,-0.31111316994823257,-0.8833904069409237,-0.6547071742866106,-0.19484077244044157,-0.11902672918498719,0.5385528214889018,1.3854302554089666,0.2953594884123489,1.336477650790364,1.0266824449911456,0.5154495095750722
1995,10,0.72,25.84,0.084,0.69,-0.88,0.599,0.6884965284661607,0.4280610640391704,0.7273019505533405,-0.1905163747319765,-1.044413535874869,-1.1804626423875682,-1.145549108881683,-0.8047850133852322,0.029879470915884804,1.0297987618904068,0.30382118198278196,0.07930819520902316,0.6974440827926502,1.3296850842943424,0.20212234715442876,0.7184196157883825,0.23891632090239778,0.07602265136690191,-0.34939574447935073,-0.9804336668495877,-0.9274062683124612,-0.8858109816244341,-0.6570802739847684,-0.1960088186452963,0.34120443921520893,0.5496363491181269,1.3833352883365702,0.2938228693117885,1.334202484423199,0.6097764790935003
1995,11,-1.59,25.6,0.109,-0.25,-1.1,0.102,-1.5510441757805589,0.6896745935968075,0.4272630715721316,0.7283972240932775,-1.2961710734263159,-1.416271916481783,-1.1848930833930271,-1.1492983831641252,-0.806589511370814,0.7549108109974934,0.422610020306448,0.3077261097322074,0.08275235384295883,0.7036838537219533,1.1413774764449671,-0.23803708409180294,0.7167260142564293,0.23849838133569318,0.07666969625055475,-0.3415368288982941,-1.1694935058559173,-0.9298307544506862,-0.8882000247569318,-0.6579013554071511,-0.08638372237779224,0.0781385381912855,0.5483991561647592,1.3809869829697399,0.2924192123779961,1.0512266964397434
1995,12,-1.64,25.65,0.024,-0.89,-0.95,0.364,-1.5995190827988859,-1.5485744926185325,0.688587256491249,0.42854120763451037,0.4177167783662267,-1.367144984378824,-1.4209569304610967,-1.1886713397102835,-1.15101791584181,0.5291099941926007,0.0187279700059833,0.42669377354636573,0.3114748576381928,0.08723989384532564,1.58225233305073,-0.8892416457123549,-0.23889337245163392,0.7157708381190174,0.2389803403381378,1.727271979705894,-1.0044340257126516,-1.171939504995073,-0.9322228344278202,-0.8888476237880785,-0.11927511942340774,0.32669472825734674,0.07738524278293166,0.5466737563733503,1.3786746132026038,1.0219853358890307
1996,1,-0.65,25.69,-0.028,2.86,-0.86,0.78,-0.6397159238360063,-1.5970214425366134,-1.5471863255945333,0.689706125195372,-0.19231110108535626,-1.327843438696452,-1.371776962321918,-1.424909078987236,-1.1903811620670657,0.028421226494794713,-0.22835281370724217,0.02220371657822715,0.4306011616982105,0.3166143905436057,1.342646432721511,2.9264100825330663,-0.8895278485081877,-0.23877407544763116,0.7157678573454129,-0.35167804854831464,-0.9053983376266925,-1.0068653568966273,-1.1743482876177058,-0.9328373891939694,-0.19602171252984382,0.7213488315683448,0.3256863399781808,0.07601124375313972,0.5450587524652523,1.328547986823922
1996,2,-0.52,25.89,-0.05,-0.22,-0.86,0.848,-0.5136811655883554,-0.6377718341586106,-1.5955796931721475,-1.5447048361586666,0.7275722091987769,-1.1313357102846058,-1.3324329878105703,-1.37569288330454,-1.426560639418603,-0.806060053001544,-0.33288699143206835,-0.22524902415522233,0.025571727894150353,0.4360802742406265,0.7148789738589574,-0.2075118702658396,2.922783534635682,-0.8886769953227962,-0.23780717666913742,0.07425317675254758,-0.9053983376266925,-0.9078208680375601,-1.0092627513518746,-1.1747810989263696,-0.6565012711684604,0.7858595984557195,0.7199354103339962,0.32412709547647006,0.07478964601069663,0.2900080524260292
1996,3,-0.66,26.67,-0.075,2.15,-0.61,0.932,-0.6494109052396717,-0.5118097643716002,-0.6373910151353838,-1.5930687097810483,0.42739976057974394,-0.36495556947840135,-1.135713115253845,-1.3363199267583783,-1.3773565816370352,-1.1496699916176858,-0.4516758297557344,-0.32994056831168167,-0.22221098455068644,0.02989626967075565,0.0966957510095724,2.2039800219852665,-0.20839488138648296,2.919347925820749,-0.8870497530194696,0.23651269115287607,-0.6302992040545835,-0.9078208680375601,-0.910211429592376,-1.0098194786542785,-0.8867410504877686,0.8655493693165941,0.7843799699113891,0.7180820356173304,0.32269810856822906,1.372881662497583
1996,4,-0.33,27.35,-0.008,1.24,-0.47,1.29,-0.3294765189187117,-0.6474612241422268,-0.5115682594335865,-0.6354640120578889,0.688840280344708,0.30317070712187805,-0.3685056122826128,-1.139455144027584,-1.3379933354117761,-1.188939698888101,-0.1333217430483093,-0.4489082321258401,-0.327042132123502,-0.21859276841904776,0.32671741532562265,1.2780485359310445,2.2009859127604425,-0.20830987607848278,2.917105967783258,0.7131500147038409,-0.47624368925420235,-0.6326972878734846,-0.910211429592376,-0.9108425064910239,-0.9305962465485893,1.205179583223655,0.863987955271698,0.7824785162172787,0.7163237590412576,0.541861061040232
1996,5,-0.93,27.55,-0.083,0.36,-0.38,1.986,-0.911175403138639,-0.32771135468289253,-0.6470696886509066,-0.5097179406396962,-1.5479286109777628,0.4996784355337243,0.3003419544102551,-0.37168249137748155,-1.1411771042854941,-1.4245579425105956,-0.4896882580193076,-0.1300748931038956,-0.4461684361835197,-0.3237227460724261,0.4465203654902321,0.38264226370278553,1.2758650171175303,2.1983618740842377,-0.20737393090271558,-0.24012463239808887,-0.37720800116824316,-0.4786280829816022,-0.6350688691493243,-0.9108425064910239,-1.171799824883103,1.8654662560709017,1.2032696071644429,0.8620271098995679,0.7806664134455026,0.07305602253364465
1996,6,0.87,27.29,-0.141,-0.33,-0.44,1.1,0.8339212495211425,-0.909074753699864,-0.32767346263865205,-0.6451367867823653,-1.5963435220453486,0.2442183885983217,0.4970618269669803,0.2976577699072218,-0.3735938028929911,-1.3754708084225784,-0.7652783629302128,-0.48697788454637075,-0.1269099413026723,-0.44318862976944695,0.03919033493055985,-0.31943765429437193,0.3812426125397689,1.2742811598867374,2.196852484644608,-0.8891626899994028,-0.4432317932255493,-0.379583594122535,-0.4809890353012153,-0.6359064727042056,-1.0073428396550255,1.0249289110383433,1.862878628721288,1.201055640116943,0.8601485159448642,0.32019268267192613
1996,7,0.7,26.85,-0.123,-1.59,-0.44,0.517,0.6691065656588298,0.8350154433510504,-0.9083938735700241,-0.3259352208746455,-0.637728282907147,-0.18809861390773938,0.2413259926432351,0.4945225526380163,0.2955813829363693,-1.3362011011521597,-0.6797503993371734,-0.7629828645952182,-0.4842888534827254,-0.12302006146143105,-0.2099998014118279,-1.6014966349848334,-0.3202226819587031,0.3806646450583855,1.2737106963964797,2.913794678758296,-0.4432317932255493,-0.44561325336191315,-0.38193771354171674,-0.4819422937835873,-0.908668648518179,0.4718439537539398,1.0232039259923158,1.8601725591987672,1.1988936670730954,0.7125928758685869
1996,8,1.19,26.64,-0.026,2.93,-0.22,0.078,1.1441606544384368,0.670295813629575,0.8337673592240921,-0.9063017043432269,-0.5118495141314235,-0.39443172874017957,-0.19145772698155972,0.23859833508798103,0.4923976140626512,-1.1398525648000801,-0.21884970664134887,-0.6773261466490242,-0.7606618789019663,-0.48141771255249366,-0.3154263975566842,2.9976355814603144,-1.6011593066950434,-0.3200119404320268,0.38100215391477293,-0.20970097344802727,-0.2011445556820934,-0.44561325336191315,-0.4479719280480492,-0.38296532162033275,-0.908668648518179,0.055370032231035614,0.47068659902731486,1.0211242972641463,1.8574596592106625,0.7767352151411179
1996,9,-0.69,26.27,-0.02,1.03,-0.45,0.478,-0.678495849450668,1.1450759228267686,0.6692299094602032,0.8347977460625173,-0.6474112651206643,-0.7579710263020975,-0.3980135931661228,-0.19450418691976615,0.23653651359848235,-0.3740932730269663,-0.19034038544366905,-0.21573161105008964,-0.6748909399787537,-0.7585785627295819,-0.4352293477212937,1.064372039149301,2.9939466804543677,-1.599508313936258,-0.318962498712929,2.1937680836068387,-0.4542357585684337,-0.2035045028175266,-0.4479719280480492,-0.4489499697291692,-0.63457367313805,0.4348451315685337,0.05464010410855769,0.46901917682635386,1.0191127209435873,0.8559698695365975
1996,10,0.15,26.27,-0.163,0.4,-0.44,0.483,0.13588258845722997,-0.6765293940930753,1.143484911720824,0.6703605757464193,-0.32787285207459693,-0.7579710263020975,-0.7619453573960667,-0.40121220878710195,-0.19645919487933708,0.293491750570106,-0.869812540655039,-0.18717937173469162,-0.21268088022588502,-0.672563126467727,-0.1141574412801403,0.4233425488040701,1.0623755796614736,2.990431057682095,-1.5971588209026455,1.2709170954549702,-0.4432317932255493,-0.4566181965684762,-0.20584647485816365,-0.4489499697291692,-0.4810804869251779,0.43958857031025245,0.43372574868145714,0.053283074129628565,0.4674690809777804,1.1936604204125698
1996,11,-0.72,26.29,-0.192,0.01,-0.41,0.562,-0.7075807936616644,0.13737936453068464,-0.6761057091974753,1.1443265372457605,-0.9088517848856283,-0.7383202534609131,-0.7619453573960667,-0.765412056839074,-0.4031162375619346,0.4898402869221855,-1.0076075931104918,-0.8676744087516777,-0.18409056725148082,-0.20903549772328608,-0.47356629177396875,0.026514769066546266,0.4219072672933035,1.061031764302699,2.988116874571576,0.3784897662531635,-0.4102198971968962,-0.44561325336191315,-0.4589776304657713,-0.20700625999676905,-0.3824062957883315,0.5145349024294084,0.4384643192386184,0.43208590118814816,0.052080473868021906,1.8501761282608291
1996,12,-1.4,25.95,-0.173,-0.19,-0.64,0.102,-1.366839529110915,-0.7055975640439239,0.13690286610644561,-0.6741551109557943,0.8340850135474659,-1.0723833917610528,-0.7422733701403945,-0.765412056839074,-0.7672262651455584,0.23458718966447975,-0.9173280759845055,-1.0056768987761013,-0.865493026474782,-0.18036368563600105,-0.7515091361558628,-0.1769866564398762,0.025426883446341055,0.4212835775505833,1.060677976031527,-0.3212543895982531,-0.6633111000832366,-0.41259842374222405,-0.4479719280480492,-0.4599474110806419,-0.44818908987956246,0.0781385381912855,0.5133337340417661,0.43682093652637966,0.430566676245934,1.0144391783275566
1997,1,-1.08,26.01,-0.109,0.07,-0.53,0.611,-1.0566001241936207,-1.3644760829298248,-0.7051417297440439,0.13835796590021962,0.6694743159176736,-1.0134310732374965,-1.0766971534868286,-0.745725578565995,-0.7672262651455584,-0.19737959031009444,-0.6132286498759203,-0.915261474277341,-1.0036795391844027,-0.8637085403829603,-0.6652510120373439,0.08756519671847302,-0.177896390321332,0.025248985751654643,0.42157981493666874,-1.59904806550084,-0.5422674813115086,-0.6657121174931736,-0.41495482079488294,-0.4489499697291692,-0.44818908987956246,0.5610206020982519,0.07738524278293166,0.5116344948704373,0.4352977537756579,0.4645129460351211
1997,2,1.48,26.38,-0.054,-0.87,-0.37,0.533,1.4253151151447352,-1.0544156034541068,-1.3632915287995986,-0.7031734351292234,1.143940444380016,-0.6498917756755821,-1.0176811917198085,-1.0803957092083467,-0.7475446420329305,-0.40354555347977944,-0.35189320556385495,-0.6107042549130954,-0.9131435480987891,-1.0022889654715046,-0.20041556539865912,-0.8688915031617126,0.08642386557664297,-0.17784567670933443,0.025947619973185048,2.9847832163084402,-0.36620403582535876,-0.5446577422209804,-0.6680859764024905,-0.4159576456747509,-0.206985511545049,0.48702295772743975,0.5597717255019462,0.07601124375313972,0.5100487787452955,0.05041754984922193
1997,3,1.13,27.04,-0.013,-1.33,-0.25,0.604,1.085990766016444,1.426068232351638,-1.053573976302867,-1.3609221163936156,-0.6764602117612157,-0.0014162719164870015,-0.6537494274898681,-1.021336274389106,-1.0821322349476108,-0.7667903457311288,-0.1570795107130425,-0.34897539452194704,-0.6081802097051437,-0.9114948938617686,-0.17166285735915285,-1.3369447818264844,-0.8691955211314204,0.08617738448995137,-0.17694068513629377,1.057951482804539,-0.2341564517107465,-0.368578650915972,-0.5470232498075478,-0.6688987967586238,-0.45915288889476763,0.5543797878598457,0.4858500248102309,0.5580378411851059,0.07478964601069663,0.4277254279229341
1997,4,-1.25,27.98,-0.011,-2.44,0.16,0.849,-1.2214148080559335,1.0869395829250714,1.424166443670987,-1.0513933252103724,0.1369102941742282,0.922170051619195,-0.004573848052672331,-0.6571364263371372,-1.0230873656097237,-0.7667903457311288,-0.14757640364714922,-0.15386842586672728,-0.34610234077310487,-0.6056622315973953,-0.8569357323007192,-2.4663776933871286,-1.3368390507970684,-0.8683675290766972,0.0868141115060287,0.4190546448532457,0.21700612734751226,-0.23651933243721568,-0.37093201112399465,-0.5479269418924237,-0.44818908987956246,0.7868082862040632,0.5531377267219204,0.4841712899086946,0.5564133385365897,0.4324417763988555
1997,5,-0.21,28.58,0.021,-0.66,0.64,1.693,-0.2131367420747263,-1.219135233175582,1.0854128706276867,1.424837004255575,-0.7055091584017673,1.5116932368547338,0.9200095529639408,-0.007482643325512962,-0.6589773380261035,-0.7471554920959211,0.004473309407143373,-0.1443510127615946,-0.15073520211467584,-0.3428372874639494,-0.9959071544916662,-0.6552150063799691,-2.465283220207654,-1.3354852527369723,-0.8667609225085218,0.023547078502444932,0.7451964638059615,0.21468333903186831,-0.23886358211132985,-0.37196788026886,-0.41529769283394696,1.5875007458061843,0.7853276840228214,0.5514087917115817,0.48260852907289686,0.5069600823184137
1997,6,-1.17,28.82,-0.01,1.64,1.09,2.311,-1.1438549568266096,-0.2114386748794982,-1.2181114260667558,1.0862898888989023,-1.363951948920936,1.7475025109489521,1.5101691706341165,0.9177818355092257,-0.009483775309370869,-1.0809480038944574,-0.1428248501142026,0.007927596920528145,-0.14120509778987442,-0.1469132382008352,-0.904856912366563,1.6850513869438895,-0.6557060836753636,-2.462660629395461,-1.3334040242603231,-0.1792773144979657,1.240374904235758,0.7429206129468935,0.21237021701527495,-0.23999858405118724,-0.6674650701836655,2.1737897742826187,1.5851983940716392,0.7834255232849251,0.5497898299949762,0.07305602253364465
1997,7,0.37,28.86,0.042,2.61,1.56,1.462,0.34917217933786987,-1.1416201133066524,-0.2115293804523776,-1.2158304955264705,-1.0540965180883861,1.7868040566313206,1.7462330177021896,1.5083761837016092,0.9155525109841585,-1.022043442988831,0.1042559335990229,-0.13959230620902827,0.011276571406948235,-0.13735596750507356,-0.5981613599451626,2.6720333006500385,1.6825115646528763,-0.6551181334926588,-2.4594341176179304,0.08439439640256811,1.7575612753513228,1.2381430572422296,0.7406439330659342,0.2108965113591948,-0.5468632810164089,1.368353875938779,2.170885714936769,1.5826994883784016,0.7816126289514473,0.5531802973824435
1997,8,0.94,28.75,-0.003,1.18,1.89,2.117,0.9017861193468006,0.3505459441702408,-1.1406820379425726,-0.20986192418092922,1.4247469285720147,1.6787248060048054,1.7855769922135338,1.7446139229785653,1.506001204363004,-0.6587986507374852,-0.10956397538357608,0.1078604345244212,-0.13644004562747372,0.015560363627113149,-0.33459486958302176,1.2169981082791177,2.6686294424260906,1.6804704848087153,-0.653728202143569,-0.8688802506993618,2.1206921316665066,1.7553753879506917,1.2359005418634272,0.738773696229886,-0.37144249677312635,1.9897443511039323,1.3662764343307896,2.167949856183814,1.580218515968842,0.4796052611580696
1997,9,0.74,28.85,0.091,-1.42,2.13,1.787,0.7078864912734916,0.9028411732363636,0.3498336834479487,-1.1384482977306596,1.085842551098913,1.7769786702107302,1.6773810623073353,1.7839868795247236,1.742180681714545,-0.010848480775620489,0.3370820567134084,-0.10628136034106392,0.1113426668173631,-0.13257733215719272,-0.1381180313130622,-1.4285204233043742,1.2148680349872283,2.6654795977445125,1.6794873066154372,-1.3353763546003063,2.384787299895731,2.1185385137672714,1.7531685554963645,1.2336585570461591,-0.23987690859066446,1.6766773941504962,1.9870291773189128,1.3639408557521064,2.164979698642716,0.5465774095161534
1997,10,-1.34,29.08,0.132,-2.17,2.36,1.589,-1.3086696406889224,0.7090533735640399,0.9015180738327521,0.35115900983869947,-1.2187072157181782,2.0029625578843513,1.7757409985856996,1.6757112490227868,1.7815439279398009,0.9119896400791576,0.5318957515642209,0.3410370556001716,-0.10308468049066875,0.11591170593261067,-0.12853379529989342,-2.1916507689534583,-1.4283345239925211,1.2133527611484405,2.6634955863964094,-2.461051735752585,2.6378785027820717,2.382657150724784,2.1163567352811925,1.7505383005653772,0.20963885103274701,1.4888372199784348,1.6742835205462705,1.9842304850604322,1.3616427340955977,0.7776784848363022
1997,11,-1.08,29.12,0.033,1.42,2.41,1.224,-1.0566001241936207,-1.3063397430281278,0.7079446035222947,0.9025071691338518,-0.21167706551239063,2.0422641035667235,2.0019688520259313,1.7741436403881858,1.673295000820346,1.5010352491353962,0.061491951802503095,0.5361440242553914,0.34483022277499775,-0.09912688472202688,0.024813980910806718,1.4611998188868247,-2.1907968006212952,-1.426877850844417,1.212844204863636,-0.6559146380489307,2.6928983294964937,2.6357708444757333,2.3804935933065225,2.1134538651639776,0.7359012037625947,1.1425661918329677,1.4866361264826853,1.6717181527371536,1.9814138904894285,1.5737981075718348
1997,12,-0.98,28.89,0.113,0.61,2.29,0.845,-0.9596503101569661,-1.0544156034541068,-1.3052194877064616,0.7090516746443247,-1.1412433580100407,1.8162802158930988,2.041312826537279,2.0005381405285974,1.7717031163834887,1.7366534927578943,0.4416162344382346,0.06503207555132418,0.5401973614334268,0.3500648379787716,-0.12374167729330905,0.6370190455858136,1.458855963508436,-2.188482835073126,-1.4247037615595883,1.6765658814557913,2.5608507453818814,2.6907955605085485,2.63362474891413,2.377392457599323,1.2292721594468268,0.7830135352106882,1.1407204758099145,1.4842107533431865,1.669162773527651,2.15673877919572
1998,1,-0.05,28.93,0.112,0.59,2.38,0.946,-0.05801703961607908,-0.9575217036179449,-1.053573976302867,-1.3028854680467576,0.3499359028716064,1.8555817615754675,1.815084973097044,2.039911097074759,1.9980417821787104,1.7759232000283094,0.43686468090528796,0.4457285997566311,0.06845719735575673,0.5459888872418858,0.1254484590490787,0.6166689030351714,0.6353967047493602,1.4570663561016275,-2.1855349057201336,2.660264187507783,2.6598864334678405,2.5587362420297923,2.6886532610027407,2.6303336086831957,1.7445707131614692,0.8788309977934065,0.7815368275770924,1.1385531736522874,1.4818121033505847,1.355902807984266
1998,2,-0.57,28.78,0.273,-0.56,2.03,1.446,-0.5621560726066825,-0.05640843514163917,-0.9567872411476384,-1.0513933252103724,0.9018658890420862,1.7082009652665835,1.8544289476083882,1.8135165969343439,2.0374050284039695,1.667931505034666,1.2018647997096976,0.44096989320406477,0.44966137034781334,0.07290398780168315,-0.0901968512472184,-0.5534642936267579,0.6150643773725929,0.6345329731346218,1.4563101709950106,1.210069777554847,2.2747476464668877,2.6577807308888595,2.5565848319900755,2.6853208154405594,2.1063760806632392,1.3531748719652792,0.8772559528317495,0.7796374950143399,1.13644344368074,1.97374445832997
1998,3,0.51,28.62,0.303,-0.05,1.34,1.41,0.4849019189891862,-0.560256714289681,-0.05667060420401173,-0.9546655779656087,0.7082062447717424,1.5509947825371058,1.7068890431908452,1.852889553480502,1.8110663626087442,1.7661057732107075,1.3444114056980967,1.2071216481672449,0.44489631818541264,0.45519481563214986,0.3602622413717133,-0.03453565858538048,-0.5540444467915272,0.6142235068885229,0.6346125353016214,-1.4266473314504908,1.5154740378078668,2.2726077186591533,2.6556361537495743,2.5533515192228866,2.3695072570281632,1.3190221130249042,1.3511130085478738,0.875285208846616,0.7778277669276682,1.6624654589191572
1998,4,-0.88,28.6,0.273,0.54,0.78,0.417,-0.8627004961203116,0.4861974039408675,-0.5599616270112008,-0.055097528589307505,-1.305854055639833,1.5313440096959217,1.5495131451454642,1.705240966432407,1.850429608834,1.9919065900155966,1.2018647997096976,1.3498828447442348,1.2120697163319265,0.45041618028426905,0.5567390796416729,0.5657935466585658,-0.03557009868396086,-0.5535708022621643,0.6143237047906736,-2.1872388052020306,0.8992519786063427,1.5132666374063053,2.2704365691293016,2.6523284913861414,2.621674634377882,0.3769751789195652,1.3169953005363126,1.3487887426697656,0.8733955330280909,1.4756980592726696
1998,5,-1.17,28.51,0.365,0.25,0.57,-0.225,-1.1438549568266096,-0.860627803781783,0.4853351126652688,-0.558081814262078,-1.0540965180883861,1.4429155319105906,1.5298411578897921,1.5477491402477708,1.7028174354892893,2.0311762972860152,1.6390077247407886,1.2071216481672449,1.3550212812039477,1.2197764712930834,0.08231939698981927,0.2707164796742532,0.5642335589306747,-0.03567941298664208,-0.5522840495888296,1.4534590491553396,0.668168706405771,0.8969898178387758,1.511043102306479,2.2674180440845952,2.676493629453908,-0.23208235551711923,0.37591518788408995,1.314696488234499,1.346503286000481,1.1314046205304074
1998,6,-2.44,27.34,0.471,-1.02,-0.39,-0.261,-2.375117595092122,-1.1416201133066524,-0.8600005059924097,0.4865778559813685,-0.9572666959532142,0.29334532070128416,1.4413172152392657,1.5280626619746918,1.5453644505882633,1.8053754804811226,2.142672399233133,1.6449226510033477,1.2120697163319265,1.3631355317295084,0.46568883751656964,-1.0215175722915293,0.26941481196754874,0.5634498412732757,-0.0349188715596586,0.6320202575036767,-0.38821196651112755,0.6658860105009522,0.8947237669140432,1.5085945908329774,2.544928041271446,-0.26623511445749404,-0.23251727165541367,0.3743184700617239,1.312439527786469,0.773905406055565
1998,7,-0.45,26.3,0.469,-1.63,-0.99,-0.469,-0.44581629576269716,-2.3721726412259088,-1.1406820379425726,-0.8579378307208451,-0.05674935009611559,-0.7284948670403193,0.29050596078241725,1.439473509745834,1.5256828274756353,1.8446451877515377,2.1331692921672394,2.149345545575379,1.6504545152727916,1.2197764712930834,0.4608967195099853,-1.6421969200861177,-1.0216879764571751,0.2689625807048415,0.563601628513304,0.6117378182036356,-1.0484498870841892,-0.39058853732909804,0.6636040161418797,0.8927378751505043,2.643602232408292,-0.46356216611299306,-0.2666349796669746,-0.23366006736720005,0.3728475303833024,0.8691756452691773
1998,8,-0.15,25.57,0.494,-2.19,-1.28,-0.082,-0.1549668536527336,-0.4439840344862868,-2.369873574413977,-1.1384482977306596,-0.5602644251990094,-1.445748075743561,-0.7324373765125567,0.28781453077068053,1.4371155234688084,1.6973837854874791,2.2519581304909058,2.1398281324702464,2.1555500444872666,1.65941092329812,1.2324277185700705,-2.212000911504101,-1.641823961448578,-1.020688525922439,0.2694135861045596,-0.5545024415487254,-1.3675648820278357,-1.0508851297228794,-0.39294341595943877,0.6617916067695768,2.2598692668761116,-0.09642000750396364,-0.46375951484488226,-0.26775232180246683,-0.23462282443324647,1.3408104928613176
1998,9,-1.8,25.46,0.394,1.41,-1.26,-0.781,-1.7546387852575334,-0.15330233497780105,-0.44381754482492647,-2.3668906877391565,0.4854976538608471,-1.5538273263700764,-1.4504649113446069,-0.7358823394294536,0.28574057138005365,1.5403049564058149,1.7768027771962414,2.2587957962844047,2.146019940162465,2.1659462701734884,1.3761912587676017,1.4510247476115035,-2.2111291279980625,-1.6401272464284555,-1.0189271513406308,-0.03730023939767826,-1.3455569513420669,-1.3700284827132072,-1.053285561022763,-0.3939627629718055,1.5033671348269557,-0.7595527435962416,-0.09699415372060209,-0.464729791872897,-0.26868658264725853,1.3068527838346833
1998,10,0.2,25.25,0.363,-0.49,-1.46,-1.42,0.18435749547555724,-1.7520516822744725,-0.15345733935924039,-0.4420085175683618,-0.8604368738180423,-1.7601604412025165,-1.5586608412508054,-1.4544387963968566,-0.7377038304766148,1.520670102770607,1.6295046176748953,1.7829251410277716,2.265146244222483,2.1563889994777266,1.2324277185700705,-0.4822387946995099,1.4486897998200523,-2.208792301319225,-1.637736481924541,0.5610317199535331,-1.565636258199754,-1.3480185963000813,-1.372450931136703,-1.0538092440601694,0.8893943899754669,-1.3657642147878948,-0.7594463176117439,-0.09823805669377929,-0.46549940788377275,0.370185976516693
1998,11,-0.43,25.24,0.298,-0.37,-1.46,-0.637,-0.42642633295536625,0.1858263144487656,-1.7504384694205135,-0.15182527583407107,-1.1412433580100407,-1.7699858276231104,-1.7652167074353686,-1.5627144268987934,-1.4560830740875466,1.4323132614121712,1.3206536380333636,1.635405237898215,1.7886410279824123,2.275854883174748,1.6733025751758333,-0.36013793939565647,-0.48288130097284154,1.446911622978578,-2.205823736231082,0.2669363501029377,-1.565636258199754,-1.5681174604313415,-1.3504395263012587,-1.3727350432528787,0.6591546106561585,-0.6229417078347423,-1.3650356348169508,-0.7601959969785423,-0.09931400708314292,-0.23539316779161507
1998,12,0.72,24.91,0.261,-0.95,-1.69,-0.898,0.6884965284661607,-0.4246052545190544,0.18529623368405995,-1.7478331053726701,-2.370982099126724,-2.094223579502656,-1.7750527010632065,-1.769422448766129,-1.5643320012070014,0.2836743237525005,1.1448461573143378,1.326089311981403,1.6409244109479901,1.7979913483866643,2.1812670838737773,-0.9502920733642816,-0.3608873367122377,-0.482487670400818,1.4461657557395367,-1.0209985454496697,-1.8187274610860944,-1.5681174604313415,-1.5705535746557002,-1.3507401605499332,-0.3933700948035367,-0.8705492101524598,-0.6229754855655001,-1.3653335132045272,-0.7607186457385443,-0.26935087681824915
1999,1,0.39,24.86,0.032,-0.01,-1.69,-0.671,0.36856214214520083,0.6896745935968075,-0.4244601977938807,0.1867218395226014,-0.4440686386368032,-2.1433505116056186,-2.0996404907818027,-1.7792656879026705,-1.770989043889599,-0.7373380652783157,0.05674039826955645,1.1500171695364487,1.3311960203919442,1.6498536526023584,2.1716828478606085,0.006164626515904016,-0.9505248306384896,-0.3606308729242246,-0.481273142800512,-1.639612944100922,-1.8187274610860944,-1.8212311541822912,-1.5705535746557002,-1.570688987579388,-1.0511980357158461,-0.6551970912784296,-0.870328868649317,-0.6238269792374753,-1.3653503540372585,-0.46555097341657947
1999,2,-0.11,25.43,0.039,-1.71,-1.32,-0.943,-0.11618692803807179,0.36992472413747324,0.688587256491249,-0.422662968119409,-0.15357917223128748,-1.5833034856318546,-2.1488204589209845,-2.104092579408481,-1.7808298554459148,-1.4540102229634086,0.09000127300018296,0.060273368998757834,1.1548890903831182,1.3392423549901042,2.291485798025218,-1.7235974902886868,0.0050945560695737505,-0.9496053940610928,-0.35954015973482467,-2.2075212445020713,-1.4115807433993732,-1.8212311541822912,-1.8236847302633077,-1.570688987579388,-1.3691482071567957,-0.9132401588279283,-0.6551977653541966,-0.8709958238931593,-0.6244636128824959,-0.10050560138026296
1999,3,-0.16,26.33,0.05,1.68,-0.95,-0.907,-0.16466183505639906,-0.11454477504333632,0.36919103047899443,0.689706125195372,-1.7512712374616237,-0.6990187077785446,-1.5881688221343155,-2.15330877509118,-2.105576636804279,-1.5620019179570523,0.14226836186259603,0.09358431486672218,0.06369214519335602,1.1624328471185135,1.8122739973667805,1.725751672045174,-1.7231532709556472,0.004939519505555735,-0.9479162445523132,1.443317829505319,-1.0044340257126516,-1.4140482555394593,-1.8236847302633077,-1.8236301386632607,-1.3472206091263854,-0.8790873998875536,-0.9129760036637681,-0.6560252195374495,-0.8714258599340835,-0.759851118314075
1999,4,-1.18,26.7,0.033,-0.25,-1.11,-1.373,-1.1535499382302752,-0.16299172496141726,-0.11474264529714893,0.37050455928765225,0.18532520524181417,-0.3354794102166267,-0.7029293956290502,-1.5922441443084137,-2.1547806945858508,-1.7681678811267374,0.061491951802503095,0.14593008694495188,0.09704751033016097,0.06812535245380232,1.6637183391626647,-0.23803708409180294,1.723176219406411,-1.7213651114128512,0.005658789462237166,-0.4835139039985816,-1.1804974711988017,-1.0068653568966273,-1.4164737408075914,-1.8236301386632607,-1.5664965894304885,-1.3211758906157387,-0.8788582956522072,-0.9136111419372427,-0.6566349400846184,-1.3626004535368303
1999,5,0.9,26.79,0.144,-1.28,-1.15,-1.833,0.8630061937321389,-1.1513095032902685,-0.16313601287476326,-0.11313417693616563,-0.4247026742097688,-0.24705093243129572,-0.33899763139910627,-0.7063526220198367,-1.593854435875945,-1.7779853079443428,0.5889143939595805,0.06503207555132418,0.14946308411656878,0.10157579988896816,1.35223066873468,-1.2860694254498786,-0.23889337245163392,1.7210894173009132,-1.7188918039683327,-0.3618192681983352,-1.2245133325703388,-1.1829444482016358,-1.0092627513518746,-1.4167248086587696,-1.5664965894304885,-1.7575722548538617,-1.3204930715796352,-0.879518887501976,-0.9140055577015985,-0.6240202822075386
1999,6,1.44,26.53,0.161,0.49,-1.19,-1.917,1.3865351895300733,0.864083613301899,-1.1503607114580956,-0.16149805055854743,0.688840280344708,-0.5025109793666949,-0.2504736887485797,-0.34215277396786464,-0.7081813958076748,-2.1019603929252737,0.6696908040196735,0.5932485028861874,0.06845719735575673,0.15414078871565734,1.1749223024910578,0.5149181902819602,-1.28600823235515,-0.23877407544763116,1.720064967637333,-0.9500100078995259,-1.2685291939418764,-1.2269642210278877,-1.185353990035428,-1.0098194786542785,-1.8186639667802071,-1.8372620257147363,-1.7564415628384695,-1.3208241810251513,-0.8799417994875866,-0.8702136726506359
1999,7,-0.87,26.13,0.179,-0.01,-1.17,-1.302,-0.8530055147166462,1.3873106724171733,0.8628033797706607,-1.1481210724551358,0.3693018672986408,-0.8955264361903909,-0.5062095230723215,-0.25356362173900693,-0.3440713682240511,-2.151047527013294,0.755218767612713,0.6741465142798151,0.5973779873822352,0.07290398780168315,0.07752727898323489,0.006164626515904016,0.5134027404887563,-1.284711587121725,-0.23780717666913742,0.003264639202403871,-1.2465212632561076,-1.2709839938541398,-1.229376799706316,-1.1857785402778422,-1.8186639667802071,-1.253819060483333,-1.8360495481987784,-1.7564474321424488,-1.320878225257854,-0.6560914518438042
1999,8,0.38,25.63,0.288,-0.39,-1.22,-1.104,0.35886716074153535,-0.8509384137981668,1.3854517496088956,0.8638160702359464,-0.11484724337721873,-1.3867957572200083,-0.8996492681857754,-0.5094878392890387,-0.2555040642172241,-1.5914541984098654,1.273138102703897,0.7598032322260091,0.6783838741430473,0.6033325114164557,0.11107210502932555,-0.38048808194629874,0.0050945560695737505,0.5126761756580284,-1.2826819479829534,-1.7207427013010863,-1.3015410899705295,-1.248974107441014,-1.2733996093772042,-1.2297683056837332,-1.4130034032176164,-1.0659788863112714,-1.2532053696679455,-1.8359960258247379,-1.7561373579924529,-0.9126608089339284
1999,9,0.5,25.63,0.166,1.24,-1.09,-1.457,0.4752069375855208,0.360235334153857,-0.8503218324768869,1.3861459053576695,-0.16326215444480469,-1.3867957572200083,-1.3914489495775904,-0.9032174047506312,-0.5113651646813895,-0.707885784825506,0.6934485716844068,1.2785022464557396,0.76415481306626,0.68456931233043,0.16378540310175374,1.2780485359310445,-0.38121966408900504,0.004939519505555735,0.5128795522359342,1.7171307600558734,-1.1584895405130329,-1.3039988234738291,-1.2513882045417601,-1.2737580710896241,-1.0073428396550255,-1.4008656614766135,-1.0655579756043603,-1.253586679222264,-1.8356194604918143,-0.8787030999072943
1999,10,0.73,25.48,-0.002,0.81,-1.23,-1.928,0.6981915098698261,0.4765080139572513,0.35951235696347156,-0.8482650559963687,-1.1509263402235579,-1.534176553528892,-1.3914489495775904,-1.395379361577619,-0.9049976269339567,-0.34464099257415665,-0.10481242185062944,0.6979400470426469,1.283545498767937,0.770584748592285,0.08231939698981927,0.8405204710922362,1.2758650171175303,-0.3809403391703235,0.005658789462237166,-0.24012463239808887,-1.3125450553134137,-1.1609345617885098,-1.3064167166303706,-1.2517631883866787,-1.1827636238983081,-1.8476975909465174,-1.4001010569399441,-1.066079279828297,-1.2536969243357745,-1.3182667778631691
1999,11,0.55,25.12,-0.067,-0.39,-1.58,-1.786,0.523681844603848,0.6993639835804236,0.4756564391497459,0.3608317845631759,0.8631339601880175,-1.8878904646702162,-1.5389888539951333,-1.395379361577619,-1.397038204749663,-0.25628415121572073,-0.4136634014921613,-0.10152265378849759,0.702209134955051,1.2914560015112957,0.6142444957206853,-0.38048808194629874,0.8387199785170333,1.2742811598867374,-0.3798289902457726,-1.2846702563502035,-1.6976838423143665,-1.315003766680392,-1.1633425851999837,-1.3067503951440422,-1.2266188199591286,-1.7129839306817056,-1.846474403424533,-1.4003727747074404,-1.066346254158708,-1.7521708376479381
1999,12,1.4,24.86,-0.004,-0.34,-1.74,-1.733,1.3477552639154113,0.5249549638753322,0.6982659300067718,0.4769050812568921,1.3860149997179458,-2.1433505116056186,-1.8930846245972395,-1.5430279486257141,-1.397038204749663,-0.511537248473423,-0.11431552891652272,-0.41083857970530946,-0.09831962832826806,0.7084624890698342,0.6957105018326198,-0.32961272556969307,-0.38121966408900504,0.8376276355956109,1.2737106963964797,0.5103256217034303,-1.8737472878005161,-1.7001767789100979,-1.3174224190480925,-1.1637836575748968,-1.2704740160199492,-1.6627034800194873,-1.7118989996011538,-1.8464131035688471,-1.4003603277572156,-1.8314054920434177
2000,1,0.19,24.78,-0.102,-1.02,-1.77,-1.917,0.1746625140718918,1.3485531124827086,0.5240498067273603,0.6993788999198484,-0.8507538916045252,-2.221953602970356,-2.1488204589209845,-1.897384557541145,-1.5446503780943737,-0.9042343211775855,-0.5799677751452937,-0.11104006689363026,-0.4080480188843141,-0.09434824937414606,0.7819686259511386,-1.0215175722915293,-0.3303888456470868,-0.3809403391703235,0.8375008404111004,0.003264639202403871,-1.9067591838291693,-1.8762558702151062,-1.702622003668365,-1.317747836495515,-1.248546417989539,-1.8372620257147363,-1.6616701516952448,-1.711938099963073,-1.846027831057207,-1.2512946295050853
2000,2,1.48,25.21,-0.057,-1.16,-1.55,-1.118,1.4253151151447352,0.1761369244651494,1.3467370555468041,0.5252689548792739,0.3596188850851236,-1.7994619868848851,-2.2275084079436733,-2.15330877509118,-1.8989195941216817,-1.395105662057786,-0.3661478661626949,-0.5773933090451311,-0.10784973265306946,-0.40495954698640024,1.304309488668836,-1.163968570146025,-1.0216879764571751,-0.3301666735550763,-0.3798289902457726,-0.3821017074983763,-1.6646719462857134,-1.9092706998347955,-1.8787132423519182,-1.702658283797061,-1.3033654130655647,-1.0792605147880838,-1.8360495481987784,-1.661746725377819,-1.711665229213048,-1.0645272298585977
2000,3,0.4,26.3,0.085,-0.92,-0.98,-0.605,0.37825712354886626,1.426068232351638,0.17561756016853708,1.347454806459764,0.4758146716473299,-0.7284948670403193,-1.8045606819467128,-2.2320546881834966,-2.1547806945858508,-1.395105662057786,0.3085727355157286,-0.3632515141796461,-0.5748248445683388,-0.1039055200699077,0.7196710918655418,-0.9197668595383183,-1.1640142680945462,-1.020688525922439,-0.3291069139684029,1.2709170954549702,-1.0374459217413048,-1.6671619492904088,-1.9117303496050844,-1.8786173454206243,-1.1608360258678978,-0.5925836998877424,-1.0788259731644119,-1.8359960258247379,-1.6615158073979748,-1.3975014322586488
2000,4,-0.18,26.95,0.023,0.34,-0.87,-0.329,-0.18405179786372997,0.3796141141210894,1.424166443670987,0.17704906479812504,0.6985232625582253,-0.089844749701818,-0.7324373765125567,-1.8087954053122872,-2.233507187036362,-1.5423670643218448,0.013976416473036652,0.3124848162847737,-0.360397497260307,-0.5722117841622295,-0.08540473324063401,0.3622921211521434,-0.9200263395733387,-1.1628547896451313,-1.0189271513406308,0.8348446505040874,-0.9164023029695768,-1.0398801865163165,-1.6696048964151988,-1.9116096694750426,-1.31432921208077,-0.33074588134486876,-0.592648633999668,-1.079337378775345,-1.8356194604918143,-1.8417814586904449
2000,5,1.52,27.07,0.086,0.27,-0.86,-0.575,1.464095040759397,-0.18237050492864965,0.3788697039945173,1.424837004255575,0.5242295827149158,0.028059887345291162,-0.09309779070319886,-0.7358823394294536,-1.8103522901148548,-1.8957944297555884,0.31332428904867515,0.01744501002566081,0.3162399098005936,-0.3571731935075919,-0.3968924036686187,0.2910666222248955,0.3609102851630016,-0.9191411946919446,-1.160948964917266,-0.3821017074983763,-0.9053983376266925,-0.9188258112441232,-1.0422798586050408,-1.6696659597426424,-1.6980621776129505,-0.56412306743743,-0.3310795392443675,-0.5935227530727937,-1.0795932712419352,-1.7078371619742772
2000,6,0.28,26.94,-0.037,-1.14,-0.79,-0.666,0.26191734670488087,1.464825792286103,-0.182493359905809,0.3801773340121286,1.347283070863877,-0.0996701361224084,0.024934132830837678,-0.09607179555437066,-0.7377038304766148,-2.151047527013294,-0.27111679550376194,0.3172435228373399,0.020806675731749644,0.32139302589148655,-0.09498896925380278,-1.1436184275953827,0.28974713934431606,0.3603551788122866,-0.9174829987858915,-0.33139560924827366,-0.828370580226502,-0.9078208680375601,-0.921217132010098,-1.0428118027086968,-1.873482961856233,-0.650453652536711,-0.5642172106567006,-0.3321488024024151,-0.5941847166922629,-1.6578438681295102
2000,7,-1.0,26.63,0.053,1.46,-0.67,-0.788,-0.9790402729642971,0.26334143431769513,1.4628811377330786,-0.18084360000750013,0.175642223028297,-0.40425711516077345,-0.1029337843310332,0.022047074084107436,-0.09805107931619789,-2.2295869415541247,0.15652302246143596,-0.2680773831283193,0.3210049619629942,0.02511763432287481,-0.564616533899072,1.5019001039881092,-1.143681940717779,0.28927204695094044,0.3607133234038251,-1.0209985454496697,-0.6963229961118897,-0.830786265591619,-0.910211429592376,-0.9218399478424967,-1.9063743589018485,-0.7661935578346478,-0.6504591947970353,-0.5651125410434047,-0.3330292370515036,-1.8314054920434177
2000,8,-0.5,26.37,0.084,-0.11,-0.49,-1.071,-0.49429120278102445,-0.9769004835851772,0.2627256218082429,1.4635281031534804,1.4247469285720147,-0.6597171620961725,-0.4078495867939606,-0.10591503469090846,0.020038659359572632,-1.8074375883971525,0.30382118198278196,0.1602062066026509,-0.2650964540122928,0.32617166123936736,-0.34897122360277494,-0.09558608623730722,1.4995206182619707,-1.1425453233990324,0.2897024166155075,-1.162975620549957,-0.4982516199399711,-0.6987269471128628,-0.8331715126683216,-0.9108425064910239,-1.665170780567335,-1.0346721906159277,-0.7660803163917697,-0.651290184199218,-0.5657982515139195,-1.0777330055911778
2000,9,-0.06,26.2,0.083,1.42,-0.52,-0.936,-0.06771202101974454,-0.4924309844043678,-0.976144588178684,0.2641040373184123,0.378984849512158,-0.8267487312462442,-0.6635854211177024,-0.41105544792364324,-0.10789189087251005,-0.7373380652783157,0.2990696284498353,0.3077261097322074,0.16375824060377087,-0.26160048654997525,0.33150953333220706,1.4611998188868247,-0.09656708081426278,1.4976852885938252,-1.140660134406318,-0.9195863489494644,-0.5312635159686242,-0.5006379693947283,-0.7011030836556568,-0.8338604170307148,-1.040234236700641,-0.9065993445895222,-1.034283409927096,-0.7668250464520665,-0.6519038625548945,-0.5938356519616417
2000,10,1.51,26.02,-0.059,1.07,-0.7,-1.072,1.4544000593557316,-0.06609782512525536,-0.4922109124025408,-0.9740111274145615,-0.18262811887183905,-1.003605686816906,-0.8307973127909211,-0.666979665473675,-0.41295704911825026,-0.09920532213405643,-0.3756509732285881,0.302967403179641,0.3114748576381928,0.16847669475929983,0.03439821692397547,1.1050723242505855,1.458855963508436,-0.09660781172493879,1.4968878320169063,0.35820732695312246,-0.7293348921405427,-0.5336527990144173,-0.5030004401366595,-0.7018911208130421,-0.9196324475333841,-1.0356208783642715,-0.9063420048837425,-1.034828046595969,-0.7673421542801577,-0.33349321609078025
2000,11,-1.1,25.92,-0.072,1.91,-0.79,-0.955,-1.0759900870009518,1.4551364023024866,-0.0663492777195346,-0.49037239119074355,1.4634788574260833,-1.1018595510228275,-1.0078451980919743,-0.8343147307948526,-0.6688181495824157,0.018603799677192657,-0.43742116915689444,-0.37276892728477873,0.30670980547579213,0.3166143905436057,0.33630165133879136,1.9597783113775598,1.1030402344150083,1.4570663561016275,-0.09578536309250224,0.2872187894029788,-0.828370580226502,-0.7317417767325517,-0.5360175473898257,-0.5039371764865328,-0.908668648518179,-0.9246244118080532,-1.0352311240385283,-0.9069820924637187,-1.0351211424625304,-0.5655375611061132
2000,12,-0.63,25.68,-0.146,0.94,-0.92,-0.295,-0.6203259610286753,-1.0737943834213393,1.4532024642175556,-0.06477030331378386,0.2627890629499517,-1.3376688251170459,-1.106205134370335,-1.011493035252568,-0.8361119460397575,-0.10902274895165849,-0.789036130594946,-0.43463211246814104,-0.3699276015851084,0.3118357551957249,-0.2531288634710873,0.9727963976714107,1.956997984239235,1.1016506967948967,1.4563101709950106,-1.142693181249916,-0.9714221296839987,-0.830786265591619,-0.7341201909088229,-0.536929500540951,-0.8319220554117429,-0.2984904979011814,-0.9243485730009551,-1.0357750536636152,-0.9073820491599852,-0.6513751033678828
2001,1,-0.22,25.81,-0.146,1.45,-0.73,0.199,-0.22283172347839178,-0.6183930541913782,-1.0729313233339128,1.4538553284290041,-0.9766326603802485,-1.2099388016493462,-1.3422689814384081,-1.1099254266179635,-1.0132465540534115,-0.413362980297385,-0.789036130594946,-0.7867763973580499,-0.43187327969631756,-0.36673046420335353,0.17816175712150684,1.491725032712788,0.9708801064660207,1.9546482791310507,1.1012556370534228,1.4940239277554217,-0.7623467881691958,-0.9738505272769383,-0.8331715126683216,-0.7348834448674602,-0.700356467229281,0.1701612497806288,-0.29885725945567104,-0.9249752267489983,-1.0360673579684752,-0.766454006180365
2001,2,0.07,26.12,-0.046,-0.07,-0.63,-0.168,0.05832273722790635,-0.2211280648631144,-0.618033668104338,-1.0707388746593252,-0.4924835497043891,-0.9053518226109812,-1.2144010642765373,-1.3461631658949198,-1.1116546696165508,-0.6686160775550873,-0.31388077730028174,-0.7867763973580499,-0.7844871397139699,-0.42885272372580446,0.32671741532562265,-0.05488580113602273,1.489354454573587,0.9696391661952537,1.9533865185132337,-0.09814755729780143,-0.6523071347403522,-0.7647566063522409,-0.9762456440987084,-0.8338604170307148,-0.5030080849555882,-0.17800715386152574,0.16931351159185978,-0.299950562102441,-0.925360143772936,-1.0333993299175164
2001,3,-1.73,26.8,-0.005,-0.53,-0.48,-0.192,-1.686773915431875,0.05986424466175513,-0.22120805396790047,-0.6161184626089362,-0.06643233230963277,-0.23722554601070184,-0.9094852618136098,-1.2182010571199038,-1.3478341469680917,-0.8355123334543572,-0.11906708244946937,-0.3109057421014163,-0.7844871397139699,-0.7824717394689861,0.3219252973190383,-0.5229390798007945,-0.05590242606072817,1.4875305554707758,0.9693782387322615,1.4534590491553396,-0.48724765459708674,-0.6547071742866106,-0.7671372981619891,-0.9768271545998604,-0.5358994820012037,-0.20077565982177561,-0.1784975673037755,0.16787092931483075,-0.30085790984938104,-0.9060579210676385
2001,4,-0.15,27.33,-0.031,-0.52,-0.49,-0.79,-0.1549668536527336,-1.6842259523891592,0.059473477982262685,-0.21953469890540558,1.4537958752125661,0.2835199342806903,-0.2406376951207419,-0.913060643887169,-1.219903596736009,-1.012226016171229,-0.2426074743060821,-0.1157987734461966,-0.3079819234738992,-0.7824717394689861,-0.35855545961594365,-0.5127640085254733,-0.5235459557263762,-0.05598887923274099,1.4867434167614324,1.0985163614046212,-0.4982516199399711,-0.48963302618816523,-0.6570802739847684,-0.7678757689218784,-0.7332478642748964,-0.7680909333313354,-0.20124270597814942,-0.179680664511361,0.16657255008734032,-1.0343425996127007
2001,5,0.03,27.6,-0.028,-0.73,-0.34,-0.695,0.01954281161324454,-0.15330233497780105,-1.6826877548118533,0.06097576810440879,-1.0734624825154204,0.5488053676366867,0.2806699671545794,-0.24372038260246565,-0.9148384384902689,-1.1104002843472671,-0.22835281370724217,-0.2395251438129213,-0.11261478481547017,-0.30460820468090277,-0.42085299370154056,-0.7264405053072169,-0.5133797920379926,-0.5231066028930159,-0.05520770207060648,1.9503788120063457,-0.33319213979670576,-0.5006379693947283,-0.49199473771893737,-0.6579013554071511,-0.8319220554117429,-0.6779655972386794,-0.7679757446146341,-0.20240883413487218,-0.18068854059439401,-0.9239800452761397
2001,6,0.11,27.54,0.179,-0.58,-0.19,-0.917,0.09710266284256816,0.021106684727290353,-0.15345733935924039,-1.6801236823013355,-0.6183623184801126,0.48985304911313043,0.5462417951061626,0.27797129163413925,-0.2456632526609084,-1.3460185279697652,0.755218767612713,-0.22524902415522233,-0.23650614103788858,-0.10868415541778854,-0.7754697261887847,-0.5738144361774,-0.7268692294940492,-0.5129518697699664,-0.5218508038224078,0.9666805059543542,-0.16813265965344035,-0.3355638212962829,-0.5030004401366595,-0.49293973513506006,-0.97445144260941,-0.888574277370991,-0.6779429040285704,-0.7687190605873591,-0.20339771273706872,-0.3014220464545147
2001,7,-0.22,27.25,0.116,0.57,-0.04,-1.622,-0.22283172347839178,0.09862180459621989,0.02075878392017121,-0.15182527583407107,-0.2213600477259078,0.20491684291595316,0.4872258333391425,0.5437387483207158,0.275899759823738,-1.2183919793409141,0.45587089503707456,0.7598032322260091,-0.22221098455068644,-0.23292867446269022,-0.7754697261887847,0.5963187604845291,-0.5743767741682944,-0.7262012653540049,-0.5117063885669338,1.4838827081054013,-0.003073179510174926,-0.17048967319783756,-0.3379149038708285,-0.5039371764865328,-0.7661392613205119,-1.5573991399533316,-0.8883354367665297,-0.6787533891609606,-0.7692345852920472,0.16455318296651988
2001,8,-0.22,26.8,0.158,-0.55,-0.05,-0.977,-0.22283172347839178,-0.2211280648631144,0.09818817204435415,0.022284669206503353,0.0594464364660907,-0.23722554601070184,0.20198201813189073,0.48467931350147503,0.5416016718442226,-0.9140517479951875,0.6554361434208336,0.4600047194143301,0.76415481306626,-0.21859276841904776,-0.2962579255303467,-0.5432892223514367,0.5947320499958255,-0.5738802685082631,-0.7247391089318865,-0.057582678697719325,-0.014077144853059288,-0.005415525099392189,-0.17282936760499745,-0.33897555621444186,-0.6565012711684604,-0.9454955422716157,-1.5564738853262652,-0.888988958178439,-0.6793441122272931,-0.18162679516611108
2001,9,-0.49,26.52,0.267,0.45,-0.2,-1.185,-0.484596221377359,-0.2211280648631144,-0.22120805396790047,0.09966686700231421,-1.6834903619670034,-0.5123363657872887,-0.2406376951207419,0.19922537854182282,0.48255680250633554,-0.24646672439811518,1.1733554785120177,0.6598703946221162,0.4639565268350155,0.770584748592285,-0.09978108726038716,0.47421790518067575,-0.5438782831031436,0.5939140406424239,-0.5725728800997774,-0.5240787825986638,-0.1791366249963247,-0.016420468305955217,-0.007743831339166422,-0.17401393594235084,-0.4920442859403831,-1.1428225939271148,-0.9451982834524646,-1.5566289408690799,-0.8894039545470344,-0.2042652678505338
2001,10,0.25,26.57,0.232,1.32,-0.14,-1.114,0.23283240249388448,-0.48274159442075154,-0.22120805396790047,-0.21953469890540558,-0.15357917223128748,-0.46320943368432627,-0.5160455167001593,-0.24372038260246565,0.19717326737322666,0.27385689693489496,1.0070511048588853,1.1785694088518468,0.6640887176558453,0.4695307216757924,-0.22437615543158101,1.3594491061336136,0.4727380857352218,-0.5434160691391148,0.5940348742797257,-0.5139375629486432,-0.11311283293901855,-0.1814946164044006,-0.01874953375688849,-0.009052315670259858,-0.5030080849555882,-1.075465763794709,-1.1423228186303724,-0.9458093822372169,-1.5564858862381044,-0.7683405455707336
2001,11,0.53,26.33,0.137,-2.06,-0.37,-0.838,0.5042918817965172,0.23427326436684653,-0.4825322388870179,-0.21953469890540558,0.020714507612021933,-0.6990187077785446,-0.4668655485609772,-0.51933107842558,-0.2456632526609084,0.5389274210102063,0.5556535192289541,1.012014679512025,1.1834794033575224,0.6702334062867875,-0.2099998014118279,-2.079724984924926,1.3571943266245996,0.4720572431658306,-0.5421396343333557,-0.7269031755990744,-0.36620403582535876,-0.11546495716502243,-0.18383507002271954,-0.020049757021732593,-0.3385510997275109,-0.813627945251835,-1.075035116718683,-1.1427868523076472,-0.9461768849037211,-0.6787299245282269
2001,12,-0.86,26.19,0.194,0.68,-0.41,-0.896,-0.8433105333129808,0.5055761839080999,0.2336896012616743,-0.4806996164662672,0.09817836532015946,-0.8365741176668345,-0.7029293956290502,-0.47011488274288055,-0.5212059762377051,0.48002286010457995,0.8264920706069127,0.5599375570182231,1.0167025776734977,1.1911046592057986,0.7819686259511386,0.7082445445130615,-2.0789690000490753,1.355519024871133,0.4723018912140384,-0.5747848808487663,-0.4102198971968962,-0.368578650915972,-0.11780085551638712,-0.18501137729382358,-0.17409411449943352,-0.8686518346557723,-0.813466021963382,-1.07554935050476,-1.1429897101402353,-0.8881357968591372
2002,1,0.0,26.39,0.162,-0.7,-0.15,-0.327,-0.009542132597751819,-0.8412490238145506,0.5046924596963146,0.2350857131449832,-0.2213600477259078,-0.6400663892549883,-0.8406333064187554,-0.7063526220198367,-0.47200191845613376,0.19531748239406455,0.6744423575526202,0.8311838305145043,0.5640226222454304,1.0238524220299692,0.4800651915363228,-0.6959152914812535,0.7065598505680458,-2.0767807707195822,1.3548660184402714,0.5914553789035946,-0.12411679828190289,-0.41259842374222405,-0.37093201112399465,-0.11902672918498719,-0.009637129271356137,-0.32884850584818126,-0.8684334404264524,-0.8141753998343814,-1.075808409218156,-1.5531409319640552
2002,2,0.8,26.71,0.146,-1.61,-0.04,-1.014,0.7660563796954843,-0.007961485223558218,-0.840643158961364,0.5059234054303212,-0.2213600477259078,-0.3256540237960328,-0.6439134338620303,-0.8441579699313905,-0.7081813958076748,-0.24646672439811518,0.5984175010254739,0.6789052208323815,0.8356305955022706,0.56988206398129,0.6813341478128667,-1.6218467775354757,-0.6963707384288982,0.705616104995968,-2.073946337909921,-0.5443612218987048,-0.003073179510174926,-0.12646990037158545,-0.41495482079488294,-0.37196788026886,-0.020600928286561297,-0.9805969889603343,-0.329184111021503,-0.8691018097578668,-0.8146529295773967,-0.944731978570194
2002,3,0.32,27.29,0.125,-0.39,0.01,-0.757,0.3006972723195427,0.767189713465737,-0.008277236626397394,-0.8385922812718923,-0.48280056749087197,0.2442183885983217,-0.32916163777126844,-0.6472931872005959,-0.8459527575960697,-0.5213546752910285,0.4986348768335943,0.60276591599132,0.6831489263054481,0.8422642788104975,1.2036750105305642,-0.38048808194629874,-1.6214916340718109,-0.6957370659848565,0.7056234420899391,0.4697607431033483,0.051946647204246875,-0.005415525099392189,-0.12880655793410917,-0.4159576456747509,-0.18505791351463868,-0.7367842376359918,-0.9802637055754579,-0.33025478826712257,-0.869533428922194,-1.1409320751685246
2002,4,1.14,27.84,0.008,0.94,0.02,-0.759,1.0956857474201096,0.30209899425215986,0.766016644615432,-0.006733654966925718,0.23374011630940011,0.7846146417309016,0.2413259926432351,-0.33230953483132336,-0.6491365264697878,-0.4722675412030078,-0.057296886521163,0.5028330783874271,0.6069080917070367,0.6893479476783109,1.0359508803001107,0.9727963976714107,-0.38121966408900504,-1.619817780182357,-0.6943058631654647,1.3520468526551344,0.06295061254713123,0.049609190933422934,-0.007743831339166422,-0.1300241705364599,-0.11927511942340774,-0.7386816131326792,-0.7367011789373699,-0.9808486437401299,-0.33113680603961404,-1.0739599268104407
2002,5,-0.15,28.24,-0.068,1.3,0.31,-1.055,-0.1549668536527336,1.0966289729086875,0.3014403158703343,0.7670883229911829,0.5048636182878815,1.1776300985545942,0.782305642174232,0.23859833508798103,-0.33423055666773543,-0.707885784825506,-0.41841495502510795,-0.053935588262834226,0.5068419962966219,0.6128897821122175,0.5806996696745949,1.3390989635829713,0.9708801064660207,-0.3809403391703235,-1.6174476514135934,-2.0756853890518046,0.3820656074907777,0.06061413413998595,0.04728468074944392,-0.009052315670259858,-0.37144249677312635,-1.0194931866424277,-0.7385966071602345,-0.7374678273550311,-0.9811868586236779,-0.813617490939579
2002,6,0.69,28.44,-0.136,-0.43,0.72,-0.907,0.6594115842551643,-0.15330233497780105,1.0950915441432094,0.3027951362163177,-0.8410709093910079,1.374137826966444,1.1757453872876826,0.7799764875976685,0.23653651359848235,-0.8453297602719592,-0.7415205952654798,-0.4155972862578758,-0.050669106704260974,0.51253843980672,0.8538503960499043,-0.4211883670475831,1.3368619992478323,0.9696391661952537,-0.3798289902457726,0.7030087950538205,0.8332281865490364,0.37975748713031365,0.05829038316716599,0.04593489108710381,-0.41529769283394696,-0.8790873998875536,-1.01911998414418,-0.7393618414903238,-0.7380094735958695,-0.8683271332602673
2002,7,0.65,28.03,-0.085,0.2,0.74,-0.204,0.6206316586405026,0.6606064236459589,-0.15345733935924039,1.0959626636233788,-0.008334439028529636,0.9712969837221574,1.3724652598444114,1.1737060530592576,0.7777811491957601,-0.6489812239198797,-0.4991913650852009,-0.7391893318323867,-0.4128130710467148,-0.0465618958953377,0.7005026198392043,0.21984112329764763,-0.42188431884253963,1.335209558625034,0.9693782387322615,-0.6964795166490128,0.8552361172348051,0.8309601585993976,0.3774557532811059,0.056932332438576545,-0.13023891843861288,-0.21215991280190055,-0.8788582956522072,-1.019675933513628,-0.7399019046077591,-0.33160667670041166
2002,8,0.36,27.72,0.087,1.22,0.87,0.269,0.33947719793420444,0.6218488637114942,0.6595512359446803,-0.15182527583407107,0.7663041380528456,0.6667100046837924,0.969189521103123,1.3705708357900555,1.1714136114483238,-0.33482356575655114,0.3180758425816218,-0.49649529765150346,-0.736836618089963,-0.4097381823342811,0.6238287317338541,1.2576983933804022,0.2185839935256305,-0.42155927166252133,1.3345771879293233,-1.6193305048008813,0.9982876666923018,0.8529700450125237,0.8286895524077108,0.3758581316312858,-0.009637129271356137,0.23656939216469097,-0.21261527531533642,-0.879518887501976,-1.0199816943674138,-0.9796329572920125
2002,9,-0.54,27.81,0.06,0.88,1.09,0.114,-0.5330711283956863,0.34085655418662464,0.620836541882589,0.6606878010219429,0.3015209918040205,0.7551384824691234,0.6642737186401956,0.9669980311919252,1.3682298425746091,0.23458718966447975,0.18978389719206246,0.32200222938990625,-0.4938189578075268,-0.7346853859901779,0.5231942535955822,0.911745970019484,1.255532689740763,0.21818891508959426,-0.42040665126766835,-0.3821017074983763,1.240374904235758,0.996034306697843,0.850700957243155,0.8267532270416678,0.04518186580466965,0.08952279117141046,0.23565349939211722,-0.21377291894662775,-0.8799417994875866,-0.7372126456296523
2002,10,-1.97,27.96,0.092,0.06,1.25,0.184,-1.919453469119846,-0.5311885443388326,0.3401550099324258,0.6219967021240375,1.09552553331243,0.9025192787780107,0.7527976612907221,0.6618576179591904,0.9647565687657298,0.7745456646327009,0.34183361024635506,0.19351715247061524,0.3257700141253949,-0.49097498324825534,-0.03748355317479023,0.07739012544315188,0.9098831243357188,1.2539716936406384,0.21869150982718993,0.9666805059543542,1.4164383497219075,1.2381430572422296,0.9937750886735418,0.8487481097446132,0.05614566481987481,0.1559309335554726,0.08875781212011864,0.2341614240500717,-0.21475229880840607,-0.7390991850200208
2002,11,-0.32,28.17,0.0,0.8,1.47,1.042,-0.3197815375150463,-1.9167713119959477,-0.5309256064646323,0.3414862351142231,-0.15357917223128748,1.1088523936104508,0.9003375657082686,0.7504467701880481,0.6596914105199896,1.16724273733686,-0.09530931478473614,0.34579576215273794,0.19711360574057582,0.3309502965872482,-0.4016845216752031,0.830345399816915,0.07625770188825931,0.9087107674569571,1.2534218658855318,1.3317644133550934,1.6585255872653635,1.414222148547238,1.2359005418634272,0.9917148473137588,0.3740958362608244,0.9699050216344061,0.15509779992037606,0.08737532856489533,0.2328076355034749,-1.0183070147945679
2002,12,-0.96,27.97,-0.015,0.96,1.37,1.32,-0.9402603473496353,-0.31802196469927635,-1.914975919184402,-0.529063490088649,0.6597913337041564,0.9123446651986011,1.1068934318928316,0.8980953572361466,0.7482587145268166,1.3635912736889428,-0.1665826177789358,-0.09200524068336491,0.34959527493739845,0.20192714219446567,-0.727548546122941,0.993146540222053,0.8285538148286496,0.07602265136690191,0.9085117471994179,-0.42266658609845836,1.54848593383652,1.6563308990916243,1.4119917805469804,1.2336585570461591,0.8236115958842359,1.2336402156739674,0.9682365075292453,0.15366582330013626,0.08614423208203399,-0.8787030999072943
2003,1,-0.32,27.15,0.031,-0.51,0.6,1.291,-0.3197815375150463,-0.9381429236507125,-0.3179947891231292,-1.912270275688768,0.6210594048500877,0.10666297871002828,0.910173559336103,1.1048033791034824,0.8958708878715306,0.9610767741671784,0.0519888447366098,-0.16338583897185996,-0.08878952400346664,0.3548434733266524,-0.4831505277871375,-0.5025889372501522,0.991212433842788,0.8274729024725614,0.07666969625055475,0.216230251852835,0.701180602434424,1.5462814670259943,1.6541172337368657,1.4096176186697225,0.8455391939146463,1.2061282709719985,1.2317010305074105,0.9661978873406609,0.1523793174981686,-0.21558450419274516
2003,2,0.26,27.39,-0.032,1.55,0.64,1.051,0.24252738389754994,-0.31802196469927635,-0.9374298941165926,-0.31626244615016913,0.3402529206580892,0.3424722528042466,0.10362208185352637,0.9079385963726844,1.1025279305541282,0.6567365428214519,-0.24735902783902874,0.0555146624461915,-0.16026530643947726,-0.08479097867838438,0.3410937693453758,1.5934757454659993,-0.5032136283496089,0.9899486324413527,0.8273564251556264,1.250634656154929,0.7451964638059615,0.6989008401206414,1.5440602095596452,1.6515613284021229,0.9880685811123133,0.9784432113694997,1.204217321275875,1.229465852146332,0.9642322215987901,0.23058206162941952
2003,3,-0.07,27.65,0.093,-0.36,0.36,1.059,-0.07740700242340999,0.24396265435046274,-0.3179947891231292,-0.935320028516656,-0.531215478558458,0.5979322997396457,0.33968592892159943,0.10079298717642383,0.9057116994278428,0.7450933841798878,0.3465851637793017,-0.24428385036548766,0.05892709303095531,-0.1564705088965969,0.21170658316759752,-0.34996286812033534,1.5910160914574236,-0.5027971366469169,0.9896670692432094,0.9058331880542311,0.43708543420519946,0.7429206129468935,0.696621123395046,1.5415869148873955,1.2292721594468268,0.9860327133562496,0.9767659345321354,1.2020026471845893,1.2272801322514388,0.08437525887585602
2003,4,-0.34,27.68,0.06,0.9,-0.14,0.549,-0.3391715003223772,-0.07578721510887156,0.24336827477719714,-0.31626244615016913,-1.915881935091416,0.6274084590014238,0.5954217632453412,0.33703072645338,0.09876515181008398,0.89235478644395,0.18978389719206246,0.35055446870530427,-0.24127119320028928,0.06334671710592148,0.36505435937829767,0.9320961125701263,-0.3507211730238541,1.5890778867012705,-0.5015619733114599,0.07425317675254758,-0.11311283293901855,0.43478220316312877,0.7406439330659342,0.694783930823995,1.4046929436901092,0.5022019617009397,0.9843476474235935,0.9747209509494775,1.1998398825790402,0.15040413753875567
2003,5,0.06,27.32,0.132,-0.67,-0.61,0.144,0.04862775582424089,-0.3374007446665087,-0.07602795123505747,0.24475848786945958,-0.3181898698610797,0.2736945478600999,0.6249297441288512,0.5929549440034119,0.33494462916162504,1.098520749613635,0.5318957515642209,0.19351715247061524,0.3543603270997992,-0.23770730981057106,-0.07582049722746526,-0.6653900776552902,0.9302154517124862,-0.35047613980117515,1.588187569316172,0.8247034308540668,-0.6302992040545835,-0.11546495716502243,0.43248426536971635,0.738773696229886,1.6458965220246227,0.11798342362172279,0.5010134505931468,0.9822970074906479,0.972748161152293,0.9597295360068683
2003,6,0.24,27.44,0.186,-0.77,-0.29,-0.015,0.22313742109021903,0.050174854678138925,-0.3373521361541749,-0.07444307803826022,-0.9379007315261798,0.391599184907209,0.2708339735267451,0.6224846614130322,0.5908057296257904,0.9021722132615521,0.7884796423433394,0.5361440242553914,0.19711360574057582,0.35962210867453326,-0.14770226732623096,-0.7671407904085014,-0.6658722473637474,0.929020233703056,-0.34939574447935073,0.9869629452543953,-0.2781723130822839,-0.6326972878734846,-0.11780085551638712,0.4308453383886494,1.5362585318725712,-0.0328579283649327,0.11718923546308609,0.4993234029910354,0.9803178851998512,1.2219585112680982
2003,7,0.16,27.5,0.257,1.01,0.21,0.619,0.14557756986089543,0.22458387438323033,0.04979480446673981,-0.33560799559912186,-0.3181898698610797,0.4505515034307619,0.3888658970607816,0.2681280524976014,0.6203281642947339,0.09714321421802305,1.1258399431825512,0.7931141780939736,0.5401973614334268,0.20192714219446567,0.0727351609766505,1.0440218965986587,-0.7675338842475838,-0.6652728666157083,0.9288005777103658,-0.5037963432986227,0.2720259540619341,-0.28053910526346776,-0.6350688691493243,-0.11902672918498719,0.692046007701774,0.5686101040850018,-0.03349730825464143,0.1157855405942843,0.49774797716801333,1.194603690107754
2003,8,-0.22,27.11,0.396,-1.31,0.26,0.785,-0.22283172347839178,0.14706875451430085,0.22401092774615142,0.051302993379932424,0.24342309852291732,0.06736143302765972,0.44788185882779813,0.38624692213607953,0.2660589482674258,0.33276145784052125,1.7863058842621347,1.1309823433261834,0.7975101782030649,0.5459888872418858,-0.2291682734381654,-1.316594639275842,1.0420432522847063,-0.7668201978462027,-0.6638726173990429,1.5852949046056066,0.32704578077635593,0.2697080550646834,-0.28288639178221814,-0.6359064727042056,0.7359012037625947,0.7260922703100635,0.5673534383934042,-0.034788583161477246,0.11453069726037739,0.9682189632635267
2003,9,0.16,26.99,0.432,-0.13,0.27,-0.059,0.14557756986089543,-0.2211280648631144,0.1465815396219685,0.22541293842050683,-0.07611531452314997,-0.05054320401944944,0.06427810734218202,0.44530635695531684,0.38414868694319637,0.5880145550982235,1.9573618114482139,1.792442554132904,1.1358288817335151,0.8040351960274508,0.3698464773848821,-0.11593622878794947,-1.3165067234203012,1.0407222980566,-0.7653167699537823,-0.35167804854831464,0.33804974611924027,0.32473277109749854,0.2673987291038853,-0.2839883494570781,0.42891483133685016,-0.0746001892920575,0.7246739808911575,0.5656138977262762,-0.035917568184842645,0.975765120825001
2003,10,-0.86,27.14,0.407,-0.62,0.42,0.593,-0.8433105333129808,0.14706875451430085,-0.22120805396790047,0.14803074062469598,-0.33755583428811414,0.09683759228943788,-0.053753816191854514,0.06142003063026563,0.44319355628107987,0.6174668355510367,1.8385729731245477,1.963755990025292,1.7981711323072136,1.14331830572699,0.21170658316759752,-0.6145147212786846,-0.11689940819103009,-1.3151757864908733,1.0403891455205792,0.9261156273542721,0.5031092262625056,0.3357377143040616,0.32242724119249566,0.2658837181165584,-0.11927511942340774,0.5439442226280644,-0.07519672915766037,0.7228170709555619,0.5639830625841479,0.49469757628101807
2003,11,0.77,27.04,0.204,1.51,0.33,-0.214,0.736971435484488,-0.8412490238145506,0.1465815396219685,-0.21953469890540558,0.0497634542525735,-0.0014162719164870015,0.09378608822569204,-0.05669883900821246,0.05940190558482831,0.2640394701172929,0.8740076059363792,1.8447883262111335,1.969713010153639,1.8075486190824261,0.5567390796416729,1.5527754603647148,-0.615041428921829,-0.11691727797103771,-1.3131151937493752,-0.6660558576989513,0.40407353817654645,0.500811862402507,0.33343294361021775,0.3208709248739221,-0.63457367313805,-0.221646790285338,0.5427128714961658,-0.0764568941379144,0.7210548365709815,0.11267334973138445
2003,12,0.5,27.03,0.205,-0.94,0.43,-0.48,0.4752069375855208,0.7381215435148885,-0.840643158961364,0.14803074062469598,0.2240571340958829,-0.011241658337077395,-0.004573848052672331,0.09094974803988604,-0.058687833090942214,0.381848591928542,0.8787591594693258,0.8787708960401674,1.8505867060936212,1.979579491606136,0.8155134519972292,-0.9401170020889604,1.550351436703889,-0.614499201000461,-0.11607419360345013,-0.7674680541991565,0.51411319160539,0.4017673735434397,0.4985184798760487,0.3318683662253949,-0.2837321046514851,-0.47399773134477424,-0.2220924164296589,0.5409917139674725,-0.07755105044641297,-0.037306531802916154
2004,1,-0.85,26.81,0.191,-0.25,0.27,-0.31,-0.8336155519093152,0.4765080139572513,0.7369806240688633,-0.8385922812718923,0.1465932763877454,-0.22740015959011142,-0.01440984168050667,-0.007482643325512962,0.08892434025377181,0.4407531528341648,0.8122374100080727,0.8835296025927338,0.8832811171262778,1.860113607909115,1.1557538304647204,-0.23803708409180294,-0.9403586669501058,1.5484589542090725,-0.6131505411216732,1.037669043504498,0.33804974611924027,0.51181680560907,0.3994671581165501,0.49682998649748583,0.2644578461087728,-0.31272081412633757,-0.474184370070637,-0.22324298962309075,0.5393814594295836,0.5607264549439177
2004,2,-0.6,26.98,0.19,-0.14,0.23,-0.099,-0.5912410168176789,-0.8315596338309345,0.4756564391497459,0.7380699988177538,-0.2213600477259078,-0.06036859044003984,-0.23080170149290757,-0.017325882462050763,-0.009483775309370869,0.05787350694760786,0.807485856475126,0.8169077108568052,0.8880461692886784,0.8900506322893058,1.8218582333799491,-0.1261113000632706,-0.23889337245163392,-0.9394506609380434,1.5476099082942762,-1.3150939153002652,0.2940338847477028,0.3357377143040616,0.5095241822937707,0.39785301433423126,0.3192768411847986,-0.11254769922580732,-0.31307297112715476,-0.4751468696170063,-0.22421445386785388,0.7173092243445083
2004,3,0.67,27.4,0.138,1.12,0.12,0.127,0.6400216214478335,-0.5893248842405296,-0.8309644854458411,0.4769050812568921,0.1465932763877454,0.352297639224837,-0.06358980981968886,-0.23387714346592786,-0.01932458686568304,-0.05993561486364123,0.5604050727619008,0.8121490043042389,0.8213354390150684,0.8948292676371866,1.9943744816169868,1.155947680627191,-0.12706557187941375,-0.23877407544763116,-0.9377718292968392,-0.11842999659784251,0.17299026597597483,0.29171794147780944,0.33343294361021775,0.5078274278489585,0.33024064020000377,0.10185573189987912,-0.11310529361495032,-0.31415566811713547,-0.47590777844916543,-0.0788103983910245
2004,4,1.11,27.89,0.089,1.04,0.07,0.144,1.0666008032091134,0.6412276436787265,-0.5889976475577694,-0.828919506547416,-0.8410709093910079,0.833741573833864,0.34952192254943376,-0.06654207814475026,-0.23582244110459624,0.087325787400421,0.3275789496475151,0.5646962635707895,0.8165703868526678,0.827928372766855,1.8745715314523772,1.074547110424622,1.1538710528569267,-0.1270720110940872,-0.23780717666913742,-0.6153497594488485,0.11797043926155304,0.1706635662056162,0.2894101339393294,0.3318683662253949,0.4946976254280811,0.11798342362172279,0.10107809556873787,-0.11433717684376636,-0.31505114243855276,0.5362014428691264
2004,5,0.23,28.0,-0.014,-1.53,0.06,0.45,0.2134424396865536,1.0675608029578392,0.6401938889136347,-0.5871001384355071,0.737255191412294,0.9418208244603793,0.8314856103134143,0.34687396558991784,-0.06852864464725437,-0.010848480775620489,-0.16183106424598914,0.3315196424950389,0.5687876744078311,0.8231497374189741,0.9017715761157481,-1.5404462073329066,1.0725417433498574,1.152424362410144,-0.12621860885892408,1.5447300260055246,0.10696647391866866,0.1156388501728011,0.16834740734438666,0.2878786008195039,0.3960234342912347,0.4082818746149089,0.11718923546308609,0.09968642044429722,-0.11539967068420418,-0.22501720114458798
2004,6,-0.59,27.86,0.158,-1.26,0.13,-0.347,-0.5815460354140135,0.2148944843996142,1.0660555235966411,0.6413422515729902,0.4758146716473299,0.8042654145720859,0.9396815402196129,0.829192683280368,0.3447854407179372,-0.020665907593222545,0.6554361434208336,-0.1586271324192936,0.33530011845019636,0.5746606993291709,0.9065636941223324,-1.2657192828992363,-1.5401623245647416,1.0711864974257483,1.1519777133307925,-0.9398687882495055,0.1839942313188592,0.10463390696623806,0.11331889525577633,0.16690674595330385,0.5056614244432863,-0.34782226081505613,0.40718975356135423,0.1157855405942843,0.09844503365931613,-0.4759269400636066
2004,7,1.16,27.78,0.208,-0.5,0.49,0.054,1.1150757102274405,-0.5796354942569134,0.21433225423062857,1.0669443394499498,-0.8313879271774908,0.7256623232073487,0.8019776294299042,0.9374683137823048,0.8269852069773315,-0.23664929758051312,0.8930138200681658,0.6598703946221162,-0.15550025427707653,0.3405075672830099,0.8394740420301512,-0.49241386597483106,-1.2656759049783828,-1.5385799151979611,1.070822391287001,-0.24012463239808887,0.5801369836626962,0.18166850941217924,0.10231319283805426,0.11191953919594021,0.33024064020000377,0.032601526270785726,-0.34813839325014795,0.40556970329405184,0.11453069726037739,-0.3155710918822789
2004,8,-0.74,27.62,0.297,0.55,0.76,0.459,-0.7269707564689953,1.11600775287592,-0.5793189740422465,0.2157401636960305,-0.589313371839561,0.5684561404778711,0.7232896804072155,0.7996629658707476,0.9352341340967862,-0.06975304168124329,1.3159020845004168,0.8978057222504329,0.6640887176558453,-0.15169187354871605,0.8346819240235668,0.575968617933887,-0.49304746466122523,-1.264402120875626,-1.5362923293698019,-0.12857121624786305,0.8772440479205739,0.5778464648484481,0.17935310976210875,0.10092209784446747,0.28638544413918315,0.4168200643500026,0.03189496543418372,-0.3491949296200485,0.4040726420794801,-0.11654118619839572
2004,9,0.52,27.53,0.221,-0.21,0.81,0.151,0.4945969003928517,-0.7249763440111563,1.1144488911742552,-0.5774273637110308,0.6404253692771221,0.48002766269254005,0.5659137823618346,0.7209170527784312,0.7974627723083879,0.3425788846581233,0.9547840159964721,1.3213306054288367,0.9023413257758806,0.6702334062867875,0.5854917876811792,-0.19733679899051845,0.5743997226190584,-0.4926424035238675,-1.2623931174720053,1.1492224596547238,0.9322638746349957,0.8749799314256498,0.5755583968001032,0.1779041873047766,0.16578365497192638,0.12462423786012901,0.41571918056424445,0.030554904506117385,-0.3500611161585096,0.09663776491325168
2004,10,-0.69,27.44,0.222,0.55,0.73,-0.59,-0.678495849450668,0.4958867939244837,-0.7244990767750896,1.1153082130723315,1.0664765866718786,0.391599184907209,0.47738983971130816,0.5634252265937949,0.7187362798578766,0.8236327987207217,0.9595355695294188,0.9596689074337953,1.3264309682295434,0.9091651736808292,0.35067800535854454,0.575968617933887,-0.1982287176980993,0.5736045743963252,-0.4914175580559859,1.0680927024545597,0.8442321518919208,0.9300046474584649,0.872712362078599,0.5738120759577949,0.1109646598959006,-0.5783533836625863,0.12382323424311183,0.4140927669028685,0.029371301725347184,0.11267334973138445
2004,11,0.63,27.36,0.201,-0.97,0.66,-1.096,0.6012416958331717,-0.6765293940930753,0.49501378618079167,-0.7225189845781761,0.21437415188236575,0.31299609354246843,0.3888658970607816,0.4748360743649372,0.5612832949568504,0.9316244937143653,0.8597529453375392,0.9644276139863616,0.9642870038870899,1.3344637196422233,-0.14291014931964657,-0.9706422159149238,0.5743997226190584,-0.1981551429554333,0.5737460437687779,-1.538200747600717,0.7672043944917303,0.8419651018059606,0.9277408741672095,0.8707429924475587,0.10000086088069543,-1.0583893843245213,-0.5784329223281843,0.12241459006780839,0.4125885816329832,0.4013138764577743
2004,12,1.03,27.34,0.168,0.13,0.74,-0.791,0.9890409519797898,0.6024700837442618,-0.6761057091974753,0.49625063070584485,-0.5796303896260439,0.29334532070128416,0.31017794803808946,0.38624692213607953,0.47271599095002337,0.7941805182679086,0.7029516787503001,0.8644947763824686,0.9690520560494905,0.97128743320328,0.6813341478128667,0.14861562437039974,-0.9708571580152568,0.5736045743963252,-0.19722951564724164,-1.2643878170501626,0.8552361172348051,0.7649304993600196,0.8396952548254328,0.9257301992049225,0.17674745398713154,-0.769039621079679,-1.0579762627129023,-0.5793176470580992,0.12115420580199085,-0.35047207060409724
2005,1,1.26,27.21,0.091,-0.36,0.66,-0.239,1.2120255242640952,0.9900456830889095,0.6014791948515432,-0.6741551109557943,1.1148914977394644,0.1656152972335846,0.29050596078241725,0.3075010090437596,0.38414868694319637,0.7156411037270781,0.3370820567134084,0.7074574601477795,0.8689859606390756,0.9760660685511608,0.9209400481420856,-0.34996286812033534,0.1474208477069449,-0.9699148603071918,0.5737460437687779,-0.4936551236486021,0.7672043944917303,0.8529700450125237,0.7626553379013784,0.8377506683931405,0.5714442185345173,-0.24536398399393164,-0.7689234587260664,-1.0585032232871265,-0.5799914841030912,0.027779077164799198
2005,2,-0.51,27.11,0.106,0.74,0.36,0.083,-0.5039861841846899,1.212901652712082,0.988626135472458,0.6026511526750847,-0.7248751228288017,0.06736143302765972,0.16263804362054637,0.28781453077068053,0.30542219449268154,0.5585622746454139,0.40835535970760806,0.3410370556001716,0.7117392392798524,0.8757147262456634,1.3474385507280955,0.7692949721649882,-0.3507211730238541,0.14710578322824808,-0.9682050750632611,0.5711729396035536,0.43708543420519946,0.7649304993600196,0.850700957243155,0.7607685789328315,0.8674667919450566,0.06011347097275435,-0.2457852692154651,-0.7696660676550053,-1.05877653011115,0.4098033037144328
2005,3,-2.32,27.73,0.264,-0.69,0.45,0.728,-2.2587778182481366,-0.502120374387984,1.211235626329484,0.9895621416541389,0.49518063607436424,0.6765353911043863,0.06427810734218202,0.15985242199566463,0.28574057138005365,0.47020543328697795,1.1591008179131777,0.4124176538886667,0.34483022277499775,0.7180197597655958,0.9832375822276825,-0.6857402202059324,0.7675568326983477,-0.35047613980117515,0.14768060303887234,-0.19955975379800672,0.5361211222911587,0.43478220316312877,0.7626553379013784,0.8487481097446132,0.9222857870210824,0.67201706865447,0.05937867466571894,-0.2469181663142482,-0.7701808007979921,0.1192762375976744
2005,4,-0.47,28.08,0.272,0.17,0.26,0.381,-0.46520625857002806,-2.2558999614225144,-0.5018895859180637,1.2120359603170952,-0.6764602117612157,1.0204239158251165,0.6741097122680334,0.06142003063026563,0.157810021147971,0.381848591928542,1.1971132461767509,1.1642932891941478,0.41630600521100836,0.3500648379787716,0.988029700234267,0.18931590947168425,-0.6862045747405146,0.7665445037342647,-0.34939574447935073,0.5711729396035536,0.32704578077635593,0.533826692022196,0.43248426536971635,0.7607685789328315,0.8345753948994411,0.34282241997919044,0.6706542765395193,0.05801810946786006,-0.24786984151647334,-0.5796866065338774
2005,5,-1.11,28.24,0.273,-1.49,0.3,1.112,-1.085685068404617,-0.4633628144535192,-2.2537294922277025,-0.5000451659152199,0.6016934404230534,1.1776300985545942,1.0183694892423016,0.6717008570957317,0.05940190558482831,0.3033091773877081,1.2018647997096976,1.2023629416146784,1.1691842468703202,0.421744368196984,0.8873952220959951,-1.499745922231622,0.18808550246047953,-0.685582332861807,0.7664899336227827,-0.9702924471995671,0.37106164214789333,0.32473277109749854,0.5315355871292149,0.4308453383886494,0.757828801793005,1.0363131640184684,0.34179747987252906,0.6688376680997229,0.05681155139774581,-1.0569810722971236
2005,6,0.26,27.77,0.307,-0.44,0.04,0.487,0.24252738389754994,-1.0834837734049554,-0.46317489185597216,-2.25081739104544,0.989012728963741,0.7158369367867549,1.1757453872876826,1.0162142268746213,0.6695322220763053,0.2836743237525005,1.3634176198298833,1.2071216481672449,1.207304664169526,1.176768753162156,0.7292553278787105,-0.43136343832290425,-1.4994976698112068,0.1877247157204459,-0.6841614479099908,0.1452417143026913,0.08495854323289996,0.3687525439237506,0.32242724119249566,0.5298223105519041,0.8455391939146463,0.4433833213036274,1.0345764953295027,0.34022621562645716,0.6671205527321289,-0.7692838152659178
2005,7,-0.48,27.06,0.427,0.68,-0.23,0.063,-0.47490123997369355,0.24396265435046274,-1.0826099968494356,-0.46135406701731446,1.2117213198746364,0.018234500924697278,0.7134536867793777,1.1737060530592576,1.0139606265472976,0.15604777512364934,1.9336040437834805,1.3689176709545001,1.2120697163319265,1.2149978359452027,0.3602622413717133,0.7082445445130615,-0.4320504825309233,-1.4979609827057634,0.18825826406076812,-0.35167804854831464,-0.21214852102497778,0.08262402055311201,0.36645005086338384,0.3208709248739221,0.757828801793005,0.041139716005879436,0.44225517568434736,1.0324883820759019,0.3387837721692903,-0.24859894352419498
2005,8,0.35,26.8,0.42,0.0,-0.05,-0.149,0.32978221653053896,-0.47305220443713536,0.24336827477719714,-1.0804116493838014,-0.5021665319179064,-0.23722554601070184,0.015098139202999843,0.7110738136418899,1.1714136114483238,0.05787350694760786,1.900343169052854,1.9399624572624603,1.3740814898535505,1.2197764712930834,0.432144011470479,0.01633969779122514,0.7065598505680458,-0.43171400478557076,-1.4957146683479061,0.7638561129539436,-0.014077144853059288,-0.21450944602408964,0.08030178800261013,0.36486069027981305,0.42891483133685016,-0.15998208664299457,0.040424392437073964,0.4406089647969649,1.0304673070149246,0.055133898325143336
2005,9,0.76,26.68,0.399,-0.5,-0.04,-0.814,0.7272764540808225,0.3311671642030084,-0.47285356537149503,0.24475848786945958,-2.2547863125645176,-0.35513018305781097,-0.2406376951207419,0.012203834947566137,0.7088954683015609,0.6665539696390574,1.8005605448609747,1.906651511394496,1.9458877493416356,1.3822500731210317,1.189298656510811,-0.49241386597483106,0.015260719757957402,0.705616104995968,-0.4305510665231423,-0.6863382969989922,-0.003073179510174926,-0.016420468305955217,-0.21685217727588574,0.07892721514152201,0.5275890224736967,-0.7908594392915852,-0.16049099918656276,0.039077968114934074,0.43908261579943697,0.6635428517190043
2005,10,-0.55,26.65,0.218,0.48,-0.06,-1.725,-0.5427661097993518,0.7284321535312722,0.33047633641690294,-0.4710268417417908,-0.46343460306383755,-0.3846063423195891,-0.3586696186547784,-0.24372038260246565,0.010197847803256967,1.0101639082551956,0.9405293553976323,1.8067186737906031,1.9125323842048305,1.9556863148667318,1.227635600563486,0.504743119006639,-0.49304746466122523,0.015094252628605188,0.7056234420899391,0.18580659290277343,-0.025081110195943643,-0.005415525099392189,-0.01874953375688849,-0.2180037013482418,0.3192768411847986,-1.6551139780327373,-0.790720883289008,-0.16168753022608132,0.0378872412788502,0.3362282674900589
2005,11,-0.46,26.11,0.12,0.49,-0.59,-1.738,-0.45551127716636264,-0.5408779343224488,0.7273019505533405,0.33181346038974674,-1.0831454647289378,-0.9151772090315752,-0.38817759953828845,-0.36183925224094377,-0.2456632526609084,1.16724273733686,0.47487710916886106,0.9453927877760963,1.8124662887944158,1.922235867431566,1.2324277185700705,0.5149181902819602,0.5032365768003727,-0.4926424035238675,0.015803204717711107,-1.4976358690006346,-0.6082912733688147,-0.027425411512518233,-0.007743831339166422,-0.020049757021732593,0.3631320372456192,-1.6674469187612058,-1.6540884388037869,-0.7914472302108702,-0.16271044598144319,1.025758414669768
2005,12,-0.5,25.68,0.196,0.94,-0.92,-0.308,-0.49429120278102445,-0.453673424469903,-0.5406042799801551,0.7283972240932775,0.24342309852291732,-1.3376688251170459,-0.9193212554414476,-0.39136896965056417,-0.36375299133667893,0.7058236769094726,0.835995177672806,0.47903954562459533,0.9499918473998877,1.8218845251260687,1.3953597307939394,0.9727963976714107,0.5134027404887563,0.5025214425349789,-0.4914175580559859,-0.43280780574847894,-0.9714221296839987,-0.6106874014603585,-0.029755236174610556,-0.009052315670259858,0.07807326285028512,-0.31082343862965006,-1.666408722252406,-1.6541706688366486,-0.7919437574347219,0.43621485517959263
2006,1,0.97,25.63,0.104,2.11,-0.91,0.404,0.930871063557797,-0.4924309844043678,-0.45349621834044934,-0.5387362648131253,-0.47311758527735476,-1.3867957572200083,-1.3422689814384081,-0.9229038830237103,-0.39327542600562243,0.008786372859587112,0.39885225264171476,0.8407012436196369,0.48301673548461826,0.9569515271596375,1.9704138915840648,2.163279736883982,0.9708801064660207,0.5126761756580284,0.5027351369804602,0.7030087950538205,-0.9604181643411144,-0.9738505272769383,-0.6130574643138801,-0.03104719837320532,-0.21794931056025416,0.3646422381910966,-0.3111775429042903,-1.6664817607160505,-1.6539460833504167,0.03626850442145772
2006,2,-1.02,26.08,0.055,0.12,-0.67,0.388,-0.998430235771628,0.9319093431872122,-0.4922109124025408,-0.45168129229283815,0.330569938444572,-0.9446533682933533,-1.3914489495775904,-1.3461631658949198,-0.9246792500465846,-0.24646672439811518,0.16602612952732926,0.40290024078353404,0.8451606998270721,0.48864526306731576,1.936869065537974,0.1384405530950786,2.160321258006908,0.9696391661952537,0.5128795522359342,0.013405858852424402,-0.6963229961118897,-0.9628455840703753,-0.9762456440987084,-0.6139115900012602,-0.020600928286561297,0.3494632342175967,0.36359490443547077,-0.31226165398184286,-1.6662468849276986,-0.16370467095760974
2006,3,-1.75,26.57,0.04,-0.66,-0.71,-0.308,-1.706163878239206,-0.9962792635524096,0.9305540943793207,-0.49037239119074355,0.7275722091987769,-0.46320943368432627,-0.9488292363249576,-1.395379361577619,-1.3478341469680917,-0.36427584620936426,0.0947528265331296,0.16972361970778355,0.40677590088620696,0.8518215495062592,1.8362345873997024,-0.6552150063799691,0.13725468401856125,2.1577429415920397,0.9693782387322615,-0.4936551236486021,-0.7403388574834271,-0.6987269471128628,-0.9652399416809864,-0.9768271545998604,-0.009637129271356137,-0.31082343862965006,0.3484314786525548,0.3620073781823221,-0.3131587114266632,-0.7909790182551563
2006,4,1.2,27.5,0.177,-0.11,-0.32,-0.336,1.1538556358421024,-1.7036047323563914,-0.9955019352097297,0.9315254933072808,-0.5408984607719751,0.4505515034307619,-0.4668655485609772,-0.9524336004333307,-1.397038204749663,-0.39372812666217744,0.7457156605468197,0.09834302141928852,0.17328834492857229,0.41218709750122234,0.9688612282079294,-0.09558608623730722,-0.6557060836753636,0.13695105010519862,2.156274823622712,0.5001844020534099,-0.31118420911093697,-0.7427467199391148,-0.7011030836556568,-0.9658297132483876,-0.031564727301766446,-0.33738669558327494,-0.3111775429042903,0.34685526509998127,0.3605467288060203,-1.650297710568036
2006,5,-1.01,27.85,0.288,0.13,-0.09,-0.163,-0.9887352543679625,1.1547653128103847,-1.702045101842899,-0.9933566768635143,-0.4537516208503204,0.7944400281514955,0.44788185882779813,-0.47011488274288055,-0.954201684715528,-0.9238691748127931,1.273138102703897,0.7502858191208764,0.10181256249256168,0.1780339654550615,0.4992336635626603,0.14861562437039974,-0.09656708081426278,-0.6551181334926588,0.13753618778339838,0.5103256217034303,-0.05809300622459672,-0.31355393488315686,-0.7451258933265449,-0.7018911208130421,-0.6126460751076397,-0.173263715119807,-0.33771353802439324,-0.31226165398184286,0.34540728071090376,-1.6625602166054316
2006,6,1.15,27.73,0.313,-0.11,0.0,0.224,1.1053807288237751,-0.9865898735687934,1.1531635852363467,-1.6994692317502882,-0.4924835497043891,0.6765353911043863,0.79214163580207,0.44530635695531684,-0.47200191845613376,-1.3460185279697652,1.3919269410275632,1.2785022464557396,0.7546247087414585,0.106354435236849,0.8634346320630731,-0.09558608623730722,0.1474208477069449,-0.09660781172493879,-0.653728202143569,0.9666805059543542,0.04094268186136252,-0.060440241132207306,-0.3159034990353844,-0.7458808862189329,-0.97445144260941,0.19387844348922242,-0.17375899674661424,-0.33877785187593923,-0.3131587114266632,-0.31368455249191035
2006,7,0.93,27.3,0.354,-0.66,0.01,0.35,0.8920911379431353,1.1063183628923037,-0.9858232616942069,1.153999311970237,0.9309148356826378,0.2540437750189156,0.6741097122680334,0.7898197267342097,0.44319355628107987,-1.395105662057786,1.5867406358783755,1.3974699102698982,1.283545498767937,0.7610274778965233,0.4225597754573102,-0.6552150063799691,-0.09656708081426278,0.14710578322824808,-0.09578536309250224,2.1532032050067564,0.051946647204246875,0.03860424772685991,-0.06277234342777675,-0.3169806735114964,-0.9634876435942048,0.3134130997805343,0.19300636437766597,-0.1749456291731295,-0.33965274559311703,0.3579234704792974
2006,8,-2.35,27.16,0.381,1.89,0.31,-0.554,-2.2878627624591332,0.8931517832527476,1.1047702176587324,-0.9836839021390379,-0.995998624807283,0.11648836513062216,0.2511619862710729,0.6717008570957317,0.7876219607520758,-0.9533214552656062,1.715032581267935,1.5925768789251178,1.4026718028279548,1.2914560015112957,0.1877459931346756,1.9394281688269175,-0.6557060836753636,-0.09660781172493879,0.14768060303887234,0.13510049465267077,0.3820656074907777,0.049609190933422934,0.036278978331721855,-0.06403952242762352,-0.700356467229281,-0.5442006247222114,0.3124183424181293,0.19154610600598823,-0.1759574630646701,0.3428311553563489
2006,9,-1.43,27.32,0.344,0.45,0.6,-1.001,-1.3959244733219114,-2.2849681313733634,0.8918394003172293,1.105635438347855,-1.7028563263940377,0.2736945478600999,0.1134580754813642,0.24844157422452232,0.6695322220763053,-0.4722675412030078,1.539225100548909,1.7210619558444091,1.5980389414863838,1.4109218852083167,0.11586422303590993,0.47421790518067575,1.9366656568624676,-0.6551181334926588,-0.09578536309250224,-0.6559146380489307,0.701180602434424,0.37975748713031365,0.04728468074944392,0.03493744973563107,-0.7442116632901016,-0.9682640482318654,-0.5443152143166234,0.3108689965294219,0.1902279377359598,-0.31368455249191035
2006,10,-1.92,27.41,0.314,1.22,0.7,-0.297,-1.8709785621015187,-1.3935442528806734,-2.2827655127742714,0.8928343944093755,1.1536234265935332,0.36212302564543086,0.2708339735267451,0.11063622631296513,0.24637732515479802,0.4407531528341648,1.39667849456051,1.5449898133994544,1.726695349871203,1.606845934471431,0.7723843899379699,1.2576983933804022,0.4727380857352218,1.9343388128849517,-0.653728202143569,-0.09814755729780143,0.8112202558632676,0.6989008401206414,0.3774557532811059,0.04593489108710381,-0.3166235016971006,-0.3003878733978689,-0.9679434221268386,-0.5452253926228325,0.3094510914850021,-0.34009610395707024
2006,11,0.33,27.69,0.269,-0.45,0.99,-0.568,0.31039225372320817,-1.8683243620778667,-1.3923275493461673,-2.2798357152188693,-0.9863156425937657,0.6372338454220178,0.35935791617727164,0.2681280524976014,0.10860596336639965,0.7843630914503065,1.182858585577911,1.4022286168224645,1.5503884198623767,1.7358690888642134,1.304309488668836,-0.4415385095982254,1.255532689740763,0.4720572431658306,1.9330976880022859,0.1452417143026913,1.1303352508069142,0.8089502721862716,0.696621123395046,0.3758581316312858,-0.06445612434738192,-0.5574822531990238,-0.3007526876785355,-0.9685375518607279,-0.5459277258890792,-0.17691044669018968
2006,12,1.15,27.74,0.151,-0.04,1.14,-0.445,1.1053807288237751,0.3117883842357761,-1.8665825516067878,-1.3899404405670448,1.1052085155259472,0.6863607775249767,0.634765737756689,0.3567172047264591,0.2660589482674258,0.6665539696390574,0.6221752686902071,1.1880868219569796,1.4074368549903555,1.5590595809926224,1.4241124388334456,-0.024360587310059356,-0.44221664621930695,1.2539716936406384,0.4723018912140384,-0.09814755729780143,1.2953947309501794,1.1280936251765994,0.8066781475722666,0.694783930823995,0.03421806678946449,-0.4407936601527432,-0.5575832118766748,-0.30184457623773353,-0.9688860570463956,0.18813492534612689
2007,1,-0.25,27.24,0.151,-2.33,0.7,-0.635,-0.25191666768938814,1.1063183628923037,0.3111189893858572,-1.8639064020663862,0.892182906828569,0.19509145649535928,0.6839457058958677,0.6323279005495736,0.3546262522742529,0.24440461648208528,0.6221752686902071,0.6265594487541517,1.1930095076823237,1.4157005205561977,1.6205892771034052,-2.3544519093585965,-0.025403934995577207,-0.44186873790862025,1.2534218658855318,-0.6559146380489307,0.8112202558632676,1.2931677732750446,1.1258435176862065,0.8047583443387223,0.04518186580466965,-0.6210443323380548,-0.4410143761705083,-0.5584834915698806,-0.3027503408612706,0.3069869069393462
2007,2,-0.98,26.88,0.197,0.54,0.13,-0.447,-0.9596503101569661,-0.250196234813963,1.1047702176587324,0.31246791094079407,-2.2838352592050692,-0.15862245464596472,0.1921460245040529,0.6815440962322695,0.6301689758510496,0.1069606410356286,0.8407467312057526,0.6265594487541517,0.6307333525190403,1.2006619299015602,1.7499764632811834,0.5657935466585658,-2.353455419635434,-0.025524679863592626,-0.4406954817786162,1.9300963727063045,0.1839942313188592,0.8089502721862716,1.2909290539520375,1.1236841435314318,0.3740958362608244,-0.4426910356494307,-0.6210800573426356,-0.44200162224938583,-0.5591747429723061,-0.5457288975072434
2007,3,1.11,27.1,0.107,0.53,-0.18,-0.749,1.0666008032091134,-0.9575217036179449,-0.2502440745144691,1.105635438347855,-1.3930008955614877,0.057536046607069326,-0.1619497460980532,0.18938213940528154,0.6793730336326174,0.2640394701172929,0.4131069132405547,0.8454599501722032,0.6307333525190403,0.6367829588516216,1.5726680970375613,0.5556184753832447,0.5642335589306747,-2.350958565041917,-0.024774456304184657,0.4697607431033483,-0.15712869431055596,0.18166850941217924,0.8066781475722666,1.2886457638035227,0.692046007701774,-0.7291947356492418,-0.44290980439337285,-0.6219329651021827,-0.44279023574109805,-0.9673704512546167
2007,4,0.04,27.5,0.139,-1.32,-0.32,-0.278,0.029237793016909992,1.0675608029578392,-0.9567872411476384,-0.24855302307883462,-1.86746702402383,0.4505515034307619,0.054442113714347685,-0.16497446951014927,0.187332455816911,0.3523963114757288,0.5651566262948474,0.417176360441233,0.8499257519894727,0.6367829588516216,1.42890455684003,-1.326769710551163,0.554067395242291,0.5634498412732757,-2.347845549807717,1.250634656154929,-0.31118420911093697,-0.15948472999127453,0.17935310976210875,0.8047583443387223,0.8016839978538256,-0.28236280617933773,-0.7291194660459119,-0.44389563638467844,-0.6225711818706063,-0.30330858584488324
2007,5,0.66,27.46,0.091,0.42,-0.47,-0.214,0.630326640044168,0.030796074710906545,1.0660555235966411,-0.9546655779656087,0.31120397401753763,0.4112499577483933,0.44788185882779813,0.05157679149372783,-0.16693676021039705,0.6272842623686422,0.3370820567134084,0.5694549701233558,0.4210710573734091,0.85660018485414,1.213259246543733,0.44369269135471234,-1.3266728871086848,0.5532951081502262,0.563601628513304,-0.44294902539849945,-0.47624368925420235,-0.31355393488315686,-0.16182366518727537,0.1779041873047766,1.119634169294775,-0.221646790285338,-0.28274611956132284,-0.7298917708138608,-0.4446826667529876,-0.5589346732398233
2007,6,-1.01,27.37,0.068,1.05,-0.35,-0.067,-0.9887352543679625,0.6315382536951104,0.030437457435694076,1.0669443394499498,1.1052085155259472,0.3228214799630623,0.4085378843164538,0.44530635695531684,0.04956109402851614,0.6763713964566594,0.22779632545563563,0.3410370556001716,0.5735527265702318,0.42652300354486483,0.647789321766776,1.0847221816999433,0.4422395946700708,-1.3253305196139227,0.55345721325783,-0.02715901974765772,-0.34419610513959004,-0.4786280829816022,-0.3159034990353844,-0.1630164945908781,1.2840911545228524,-0.08218969127880747,-0.2220924164296589,-0.28385144195245393,-0.7304397495483113,-0.44291250073215677
2007,7,-0.55,26.71,0.109,-0.2,-0.59,0.77,-0.5427661097993518,-0.9865898735687934,0.6305152153981118,0.03195744393097971,-0.2504089943664594,-0.3256540237960328,0.3200139416659273,0.4059334004091586,0.44319355628107987,0.185500055576459,0.422610020306448,0.23158680489114594,0.34483022277499775,0.5794393346770517,0.647789321766776,-0.18716172771519735,1.082707907038241,0.4415930437966822,-1.3232596090048492,-2.349498319602359,-0.6082912733688147,-0.3465687645028459,-0.4809890353012153,-0.3169806735114964,0.8016839978538256,0.7118619540849074,-0.08277844204911837,-0.22324298962309075,-0.2847722462483198,-0.62213374281717
2007,8,-0.31,26.14,0.035,-0.13,-0.72,0.203,-0.3100865561113808,-0.5408779343224488,-0.9858232616942069,0.6316694768485138,-0.9572666959532142,-0.8857010497697969,-0.32916163777126844,0.31734424818030094,0.4038303100558242,-0.16792730985728477,0.0709950588683964,0.42669377354636573,0.23523402303978153,0.3500648379787716,0.8682267500696575,-0.11593622878794947,-0.18806255400971567,1.0813412305487977,0.4418686454476166,0.5610317199535331,-0.7513428228263114,-0.6106874014603585,-0.3489206062885505,-0.4819422937835873,0.17674745398713154,0.17395600077400378,0.7104582692196738,-0.0840329506790848,-0.22421445386785388,-0.44479904012252536
2007,9,0.85,25.61,0.078,-0.53,-1.11,-0.596,0.8145312867138116,-0.30833257471566017,-0.5406042799801551,-0.9836839021390379,1.0664765866718786,-1.4064465300611926,-0.8898132745579376,-0.33230953483132336,0.3152630060489972,0.0480560801300058,0.27531186078510206,0.07454948865645686,0.4306011616982105,0.24015622497751238,0.43693612947706334,-0.5229390798007945,-0.11689940819103009,-0.1880004098323839,1.080966806542475,0.5508905003035125,-1.1804974711988017,-0.7537516631456778,-0.6130574643138801,-0.34997299756591455,-0.16313031548422835,-0.5840455101526487,0.1731043680375888,0.7086119649408674,-0.08512077449397121,-0.729666488068178
2007,10,1.0,25.32,0.138,-0.16,-1.39,-1.987,0.9599560077687934,0.8156366633838179,-0.3083161156076063,-0.5387362648131253,0.03039748982553913,-1.6913827362583698,-1.4111209368332625,-0.8933741656140899,-0.33423055666773543,0.4407531528341648,0.5604050727619008,0.2791738704168093,0.07798730168055815,0.4360802742406265,0.5902839056877636,-0.14646144261391283,-0.5235459557263762,-0.11691727797103771,-0.1870851003917677,-1.3252351349502858,-1.4886085007995635,-1.1829444482016358,-0.756131595744267,-0.6139115900012602,-0.3166235016971006,-1.9036701680987984,-0.5841192069967779,0.17165895758541597,0.7068616039818097,-0.2853864616363819
2007,11,0.48,25.17,0.156,-0.81,-1.54,-1.552,0.45581697477818983,0.9609775131380608,0.8144100121930463,-0.30658967142569277,0.630742387063605,-1.8387635325672536,-1.6963647520405143,-1.4150658398506983,-0.895156815377641,0.4014834455637496,0.6459330363549404,0.5646962635707895,0.2828845446637886,0.08246125849744483,0.3602622413717133,-0.8078410755097859,-0.14739789925618105,-0.5231066028930159,-0.11607419360345013,0.4393370841532867,-1.653667980942829,-1.4910828579854003,-1.185353990035428,-0.7568783275704056,-0.4810804869251779,-1.4909909975692692,-1.9023895359990357,-0.584999689463977,0.17035741211111943,-0.22501720114458798
2007,12,0.23,25.01,0.091,0.43,-1.58,-1.032,0.2134424396865536,0.4571292339900189,0.9595901149258893,0.8154521966135646,-0.9863156425937657,-1.9959697152967313,-1.8439046564580572,-1.7005197748103504,-1.416719827862291,0.31312660420531363,0.3370820567134084,0.6503529815169834,0.5687876744078311,0.2879425784563207,0.25004352722027257,0.4538677626300335,-0.8081985390011185,-0.14738147734018606,-0.5218508038224078,1.07823392210458,-1.6976838423143665,-1.6561570060838458,-1.4935136577316457,-1.1857785402778422,-0.349514898742716,-0.9976733684305217,-1.4901338975260077,-1.9022865205599793,-0.5856687771387599,-0.08635655595249875
2008,1,0.53,24.86,0.01,0.46,-1.68,-1.515,0.5042918817965172,0.2148944843996142,0.4562990921187002,0.9605438174807099,-0.5408984607719751,-2.1433505116056186,-2.0012805545034382,-1.8481683618584455,-1.7021033629953999,-0.33482356575655114,-0.04779377945526971,0.3410370556001716,0.6545586133310438,0.5746606993291709,0.4465203654902321,0.4843929764559969,0.4524057583584545,-0.8074391303384006,-0.14650743936987196,-0.18941853414798623,-1.80772349574321,-1.7001767789100979,-1.6585991939974767,-1.4937068981190784,-0.6126460751076397,-1.4558895508805505,-0.9973225595812384,-1.490338446133839,-1.9018545459079492,0.7031601789167441
2008,2,0.38,25.08,0.108,-0.21,-1.67,-1.364,0.35886716074153535,0.5055761839080999,0.21433225423062857,0.4575595318079394,-0.3085068876475625,-1.9271920103525881,-2.1488204589209845,-2.0056601880430818,-1.8497155363401103,-0.89441689435998,0.41785846677350136,-0.04441817515770155,0.34483022277499775,0.6606761355910258,0.09190363300298804,-0.19733679899051845,0.48290424942360544,0.45174777691973167,-0.8058944309756781,-0.11842999659784251,-1.7967195304003256,-1.8102262109757281,-1.702622003668365,-1.6586685183911698,-0.7551754623053067,-1.3126377008806451,-1.4550684754030143,-0.9978947709577634,-1.4902508008219697,0.168326261747257
2008,3,-0.32,26.07,0.138,-1.76,-1.21,-1.125,-0.3197815375150463,0.360235334153857,0.5046924596963146,0.2157401636960305,0.8147190491204315,-0.9544787547139437,-1.9324285991085872,-2.15330877509118,-2.0071685212411365,-1.4147405156929935,0.5604050727619008,0.4219350669937994,-0.041139002379459555,0.3500648379787716,0.29796470728611635,-1.7744728466652926,-0.1982287176980993,0.48221197628888,0.45201306070309055,-0.5240787825986638,-1.2905371246276451,-1.799221267769165,-1.8126790278455855,-1.702658283797061,-1.1827636238983081,-1.08590132902649,-1.311963644576745,-1.4552991846309256,-0.9982187377306839,-0.5853462247049831
2008,4,-1.31,26.83,0.022,0.18,-0.99,-1.656,-1.279584696477926,-0.31802196469927635,0.35951235696347156,0.5059234054303212,0.9599637823231894,-0.20774938674892715,-0.958665229952792,-1.9367575140873066,-2.1547806945858508,-1.699445893403509,0.009224862940090004,0.5646962635707895,0.4258361095358098,-0.037004625199576036,0.5854917876811792,0.19949098074700536,-1.7739840893975656,-0.1981551429554333,0.4824463064695124,-0.14885365554790408,-1.0484498870841892,-1.292993880267266,-1.8016733254278636,-1.8126326973117879,-1.4897499963240524,-1.5896545233970187,-1.0854599719444376,-1.3123011174163346,-1.4552408271020125,-1.8974343707063173
2008,5,-1.55,27.09,0.152,0.53,-0.84,-1.513,-1.512264250165897,-1.2772715730772792,-0.3179947891231292,0.3608317845631759,0.45644870722029546,0.04771066018647544,-0.2111297142372354,-0.9622768395698685,-1.9382828403469408,-1.8467072956675676,0.6269268222231538,0.01268630347309447,0.5687876744078311,0.4313016388927457,0.6717499117996979,0.5556184753832447,0.19825166614886316,-1.7721387770280985,-0.19722951564724164,-0.8080329327992387,-0.8833904069409237,-1.0508851297228794,-1.2954110142126485,-1.8016352559603153,-1.6542069815521299,-1.4539921753838632,-1.5886961651149614,-1.085966428248869,-1.312362285704351,-1.4871120533011555
2008,6,-1.09,27.04,0.236,-0.15,-0.68,-1.68,-1.0662951055972862,-1.5098169326840678,-1.276183467159893,-0.31626244615016913,0.21437415188236575,-0.0014162719164870015,0.044606120086509854,-0.21419066519284874,-0.9640424962718402,-2.003786124749232,1.0260573189906717,0.6313181553067181,0.01604162356934893,0.5746606993291709,0.3602622413717133,-0.1362863713385917,0.554067395242291,0.19787944884349531,-1.7696138802457024,0.4494783038033072,-0.707326961454774,-0.8858109816244341,-1.053285561022763,-1.2957529537925696,-1.6980621776129505,-1.6124230293572686,-1.4531730471801498,-1.5888271811690537,-1.0862167797835485,-0.9966118118053295
2008,7,-1.24,26.99,0.186,1.33,-0.3,-1.423,-1.211719826652268,-1.064104993437723,-1.5084716315324418,-1.2738671438733287,0.5048636182878815,-0.05054320401944944,-0.004573848052672331,0.04173355235718654,-0.2161408179919684,-2.151047527013294,0.7884796423433394,1.0310495057222901,0.635498404681441,0.02033899897499397,-0.027899317161621466,1.3696241774089346,-0.13723173556779739,0.5532951081502262,0.19840267931624203,0.4799019627533688,-0.28917627842516824,-0.7097318903194257,-0.8882000247569318,-1.0538092440601694,-1.807700167765002,-1.3686102780329261,-1.6114413037893354,-1.453405170495633,-1.5886572134402266,-1.4522110745793368
2008,8,-1.62,26.72,0.155,-0.28,-0.13,-1.314,-1.5801291199915553,-1.2094458431919657,-1.0632526498183899,-1.5060137372607612,0.3596188850851236,-0.3158286373754424,-0.053753816191854514,-0.007482643325512962,0.03972028247220047,-1.935064137026007,0.6411814828219937,0.7931141780939736,1.0357627863231003,0.6415615941995024,0.44172824748364775,-0.26856229791776637,1.3673604903129832,-0.1372267442171366,0.55345721325783,-0.19955975379800672,-0.10210886759613418,-0.2915440484700308,-0.7121087860733788,-0.8888476237880785,-1.7967363687497968,-1.265203313463458,-1.3678787771512477,-1.611555350792565,-1.453348396090123,-1.3097773506065107
2008,9,1.14,26.47,0.178,1.16,-0.25,-1.337,1.0956857474201096,-1.5776426625693811,-1.2084327525512328,-1.0610660999348487,-0.3181898698610797,-0.5614632978902512,-0.3193256441434341,-0.05669883900821246,-0.009483775309370869,-0.9631388820832083,0.7504672140797664,0.6455942749644171,0.7975101782030649,1.0429669634214924,0.5854917876811792,1.1966479657284754,-0.2693918635167849,1.3656737579941824,-0.136363024114398,-1.771448799551189,-0.2341564517107465,-0.1044600139584594,-0.2938920941999402,-0.7128885621645148,-1.2924016140503596,-1.287023131675364,-1.2645779390051326,-1.3681745344074663,-1.6113663855829015,-1.0843358934574676
2008,10,0.47,26.37,0.082,-0.97,-0.35,-1.626,0.4461219933745244,1.0966289729086875,-1.5762223461411018,-1.206157720801994,-1.2768051089992816,-0.6597171620961725,-0.5652254848393415,-0.3224662956947855,-0.058687833090942214,-0.21701444394530553,0.29431807491688866,0.7550445256734428,0.6497935611686432,0.8040351960274508,0.029606098917391084,-0.9706422159149238,1.194535707610461,-0.26923827481677953,1.3650104336957454,0.19594781255279395,-0.34419610513959004,-0.23651933243721568,-0.10679515309866504,-0.29498579080855086,-1.0511980357158461,-1.5611938909467062,-1.2863753635680741,-1.2649507640340196,-1.368189000555093,-1.5852121016003204
2008,11,-0.47,26.25,-0.019,-0.71,-0.46,-1.452,-0.46520625857002806,0.4474398440064027,1.0950915441432094,-1.5737231603320958,-1.509196682123694,-0.7776217991432817,-0.6635854211177024,-0.5685472741082795,-0.32438974511142327,0.038238653312400256,-0.1855888319107224,0.29820869662707467,0.7593897609038592,0.655897500243145,0.6525814397733604,-0.7060903627565747,-0.9708571580152568,1.1930432949023417,-0.26824042243555923,0.5508905003035125,-0.46523972391131807,-0.3465687645028459,-0.23886358211132985,-0.10802928783351445,-0.8867410504877686,-1.3961222227348946,-1.560264741771994,-1.2867319265898844,-1.265051510407112,-1.4503245351889684
2008,12,-0.35,25.74,-0.002,0.38,-0.86,-1.322,-0.3488664817260427,-0.4633628144535192,0.4466204186031773,1.0959626636233788,-1.0637795003019033,-1.278716506593493,-0.7816173446517389,-0.666979665473675,-0.5704100340192765,-0.010848480775620489,-0.10481242185062944,-0.18242066518212527,0.30194475331339143,0.7658061132444041,1.0551193523264482,0.4029924062534278,-0.7065369021172819,-0.9699148603071918,1.1925553743526882,-0.13871243589788357,-0.9053983376266925,-0.4676231397750392,-0.3489206062885505,-0.23999858405118724,-0.7113202662444862,-1.272792815450208,-1.3953624863827827,-1.5604169691396648,-1.2868144670438417,-1.6078505742847433
2009,1,-0.52,25.66,-0.079,0.06,-0.89,-1.735,-0.5136811655883554,-0.3470901346501249,-0.46317489185597216,0.44788675708346304,-1.209024233504661,-1.3573195979582302,-1.2832530196713916,-0.7850985351121531,-0.6688181495824157,-0.05993561486364123,-0.470682043887521,-0.10152265378849759,-0.1793255150890801,0.307057119847844,0.8155134519972292,0.07739012544315188,0.4015749399165362,-0.705891799107906,-0.9682050750632611,1.362188072305155,-0.9384102336553456,-0.9078208680375601,-0.46998333288349337,-0.34997299756591455,-0.29469590366669024,-1.6646008555161746,-1.2721596518965905,-1.3956377393692088,-1.5602707482618832,-1.3654302626223833
2009,2,-0.38,25.96,-0.185,0.53,-0.79,-1.628,-0.37795142593703906,-0.5118097643716002,-0.34703080966969774,-0.46135406701731446,-1.5769775576183145,-1.0625580053404589,-1.3619409686940802,-1.2871037310756823,-0.7869078882581861,-0.3250061389389491,-0.9743467183798653,-0.4679430583361054,-0.09831962832826806,-0.17558505028812021,0.6669577937931135,0.5556184753832447,0.07625770188825931,0.4009741113044844,-0.7044502784209387,-0.27054829134815045,-0.828370580226502,-0.9408356976572493,-0.910211429592376,-0.47094485243211465,-0.10831132040820256,-1.5630912664433938,-1.6635655799181093,-1.27252682057519,-1.3956292502274916,-1.2626138658472967
2009,3,0.19,26.59,-0.18,-0.51,-0.69,-1.862,0.1746625140718918,-0.3761583046009735,-0.5115682594335865,-0.34528077032359816,1.09552553331243,-0.443558660843142,-1.0668611598589908,-1.3658496441679988,-1.2887892776302083,-0.5704418093790493,-0.950588950715132,-0.9723659529081371,-0.46522864483312254,-0.09434824937414606,0.7771765079445542,-0.5025889372501522,0.554067395242291,0.07602265136690191,0.40129098442572086,1.1897873382548059,-0.7183309267976583,-0.830786265591619,-0.9432285368455422,-0.9108425064910239,-0.23987690859066446,-1.7850841995558304,-1.5621601699948584,-1.6636407395131116,-1.2726212344546701,-1.284309068836535
2009,4,-0.36,27.47,-0.151,-0.12,-0.35,-1.871,-0.3585614631297081,0.1761369244651494,-0.37606683021626636,-0.5097179406396962,0.44676572500677825,0.4210753441689837,-0.44719356130530497,-1.0705524700718052,-1.3675157700807197,-0.6686160775550873,-0.8127938982596793,-0.9485724201453054,-0.9703241740475976,-0.4623031711609703,0.3171331793124539,-0.10576115751262834,-0.5032136283496089,0.5532951081502262,0.07666969625055475,-0.9702924471995671,-0.34419610513959004,-0.7207368335259887,-0.8331715126683216,-0.9438348305454421,-0.349514898742716,-1.793622389290924,-1.7839252720700047,-1.5623109832749573,-1.6634082384098645,-1.556914010744792
2009,5,1.61,27.99,-0.082,0.38,0.06,-0.96,1.551349873392386,-0.3567795246337411,0.17561756016853708,-0.37429909449702725,-0.46343460306383755,0.9319954380397854,0.41837387794428815,-0.4504284044698014,-1.072291423391295,-0.7864251993663364,-0.48493670448636095,-0.8105699301208816,-0.9464989132355941,-0.9688385180363387,-0.16687073935256846,0.4029924062534278,-0.10673324450264643,-0.5027971366469169,0.55345721325783,-0.7066207362990332,0.10696647391866866,-0.3465687645028459,-0.7231144884911007,-0.8338604170307148,-0.4701166879099728,-0.929367850549772,-1.792454699072895,-1.7839106371041915,-1.5621631792737727,-1.3927850837827274
2009,6,-0.91,28.04,0.101,0.27,0.31,-0.535,-0.891785440331308,1.5520303021386486,-0.3567094831852206,0.17704906479812504,-0.3472388165016313,0.9811223701427478,0.9298455465917751,0.41577663954569644,-0.45232029534350593,-1.2871139670641425,0.3845975920428749,-0.4822191779938044,-0.8083124005259734,-0.9449453412969344,-0.08540473324063401,0.2910666222248955,0.4015749399165362,-0.10676254484798825,-0.5015619733114599,0.3987722055532046,0.3820656074907777,0.10463390696623806,-0.3489206062885505,-0.7238860035159874,-0.908668648518179,-0.5261755575036803,-0.9290871435581163,-1.7924337007130082,-1.7835776076648515,-1.2701600234087709
2009,7,-2.11,27.78,0.208,-1.13,0.48,-0.458,-2.055183208771162,-0.8896959737326317,1.5499891993727843,-0.3549535450480745,-0.5118495141314235,0.7256623232073487,0.9790255147309573,0.9276250746457635,0.41367112161213637,-1.3656533816049727,0.8930138200681658,0.388624121125835,-0.4795238013203247,-0.8063649162083902,-0.4543978197476312,-1.1334433563200617,0.28974713934431606,0.4009741113044844,-0.10592977834797618,0.07425317675254758,0.5691330183198118,0.37975748713031365,0.10231319283805426,-0.34997299756591455,-0.9415600455637945,-0.45312660088121187,-0.5263086461994108,-0.9297102620872298,-1.7920935472183543,-1.6597304075198789
2009,8,-0.37,27.42,0.132,-0.21,0.56,-0.084,-0.3682564445333736,-2.0524227717665746,-0.8890365265389784,1.5505830756737677,-0.3762877631421829,0.37194841206602475,0.7232896804072155,0.976841270328463,0.9253933225404706,-1.0711305770768518,0.5318957515642209,0.8978057222504329,0.3924807443990049,-0.47663907720461285,-0.9623623284455756,-0.19733679899051845,-1.1335157770293953,0.28927204695094044,0.40129098442572086,0.5508905003035125,0.6571647410628867,0.5668415216418851,0.3774557532811059,0.10092209784446747,-0.8319220554117429,-0.09831738300065113,-0.45333465961912756,-0.5272322583375528,-0.9300912213026599,-1.5588005501351605
2009,9,1.62,27.4,0.037,-0.8,0.68,0.516,1.5610448547960516,-0.36646891461735726,-2.0504773484017225,-0.8869561548942742,0.175642223028297,0.352297639224837,0.36919390980510947,0.7209170527784312,0.974597380322042,-0.45263268756780023,0.08049816593428966,0.5361440242553914,0.9023413257758806,0.39785119145757997,-0.9384017384126536,-0.7976660042344648,-0.1982287176980993,-1.132390590275983,0.2897024166155075,-0.5037963432986227,0.7892123251774991,0.6548810672943893,0.5645526943823811,0.3758581316312858,-0.7222840652596912,0.47089526600559606,-0.09888958194346659,-0.4543127141287877,-0.5279496312761284,-1.7795256588082824
2009,10,-0.61,27.6,0.144,-0.74,0.89,0.123,-0.6009359982213445,1.561719692122265,-0.3663881567007435,-2.0476891218314366,-0.35692179871514845,0.5488053676366867,0.34952192254943376,0.3665604438630004,0.7187362798578766,0.41130087238135166,0.5889143939595805,0.0840669017615895,0.5401973614334268,0.9091651736808292,-0.7994303162217066,-0.736615576582538,-0.7980323753127349,-0.1981551429554333,-1.1305157191508441,-0.10828877694782196,1.0202955973780705,0.7869403857731456,0.6525983137241578,0.5628146346063222,-0.349514898742716,0.09806098090650414,0.4697388849158826,-0.1001320708290719,-0.45509103731838024,-1.7880150860649409
2009,11,-0.16,28.16,0.049,0.82,1.46,-0.744,-0.16466183505639906,-0.5990142742241459,1.5596678728883073,-0.3646263197725509,1.5506256973477381,1.099027007189857,0.5462417951061626,0.34687396558991784,0.36446706383056854,0.9218070668967597,0.1375168083296494,0.5932485028861874,0.08751740600535954,0.5459888872418858,-0.4687741737673844,0.8506955423675572,-0.7370353931824328,-0.7972843972153512,-0.19722951564724164,0.3987722055532046,1.647521621922479,1.0180441931109692,0.7846667427368226,0.6507941654181042,0.10000086088069543,-0.724451296907523,0.09728723912300888,0.4680721697587076,-0.10120643809503248,-0.9286963937520611
2009,12,-1.88,28.34,0.062,0.86,1.74,-0.563,-1.8321986364868568,-0.16299172496141726,-0.5986763210732923,1.560255850398244,-0.8894858204585939,1.275883962760519,1.0970574382649938,0.5437387483207158,0.3447854407179372,0.9708942009847804,0.19928700425795576,0.14117138039238555,0.5973779873822352,0.09201852919320648,0.40818342143755715,0.8913958274688417,0.8488861422054169,-0.7363559984770544,-0.7957500157202042,0.2872187894029788,1.9556326515232412,1.6453259558850615,1.015786493508986,0.7827634616357769,0.3740958362608244,-0.5527388144573051,-0.7243808954887506,0.09589839217371202,0.46652286547183563,-0.527806773298742
2010,1,-1.8,28.07,0.019,1.23,1.52,0.101,-1.7546387852575334,-1.829566802143402,-0.16313601287476326,-0.5967729131599835,-2.0514436860806566,1.010598529404526,1.2741053235660469,1.094960139966941,0.5416016718442226,0.7156411037270781,-0.005029797658749923,0.2030345655757479,0.14469803195416805,0.6033325114164557,0.9209400481420856,1.2678734646557235,0.8895507969589516,0.8477823687186603,-0.7348835241873605,-1.1325519615998956,1.7135454139797852,1.9534643656688262,1.6431115313191438,1.0137097300167044,0.5604804195193122,0.07718985044294176,-0.5528446413195136,-0.7251567354756293,0.09466017163553701,-0.4551750067695524
2010,2,-2.69,28.01,0.157,1.04,1.25,0.269,-2.6174921301837584,-1.7520516822744725,-1.8278678575446963,-0.16149805055854743,-0.36660478092866566,0.9516462108809731,1.0085334956144674,1.2721384444246564,1.0926871189978125,0.36221373829333436,0.650684589887887,-0.001589816184604534,0.20664371006537724,0.1493621533677765,0.5567390796416729,1.074547110424622,1.2656988534291467,0.8884013012108581,0.8476452556665742,-0.19955975379800672,1.4164383497219075,1.7113556151244396,1.9512711990153617,1.6405638870506498,0.6481908116409535,0.23656939216469097,0.07643752867149942,-0.5537484562316491,-0.7257086720185874,-0.10239214077063152
2010,3,-1.33,28.18,0.267,-0.4,0.9,-0.045,-1.2989746592852571,-2.6144073908163135,-1.7504384694205135,-1.8252153031684808,1.5603086795612553,1.1186777800310412,0.9495175338474509,1.0063709877380833,1.2698217270114665,0.3425788846581233,1.1733554785120177,0.6551116880695498,0.0017464670821468113,0.21148441289022735,0.10148786901615678,-0.3906631532216199,1.0725417433498574,1.2641264267636878,0.88822291668847,-0.7978917131492181,1.031299562720955,1.414222148547238,1.7091457458254762,1.9484922448918867,0.7797563998234154,-0.06131856081524505,0.23565349939211722,0.07506423668549345,-0.5544436654425822,0.4635696763399368
2010,4,-0.93,28.2,0.405,-0.33,0.38,0.029,-0.911175403138639,-1.2966503530445115,-2.611840412302049,-1.7478331053726701,-0.5989963540530783,1.1383285528722256,1.1167294255206661,0.9473115529188461,1.0041198149909856,0.5389274210102063,1.8290698660586546,1.1785694088518468,0.6593236654934446,0.006003092931351472,0.6142444957206853,-0.31943765429437193,-0.39138582777738873,1.0711864974257483,1.2635662811410058,-0.7370443952490949,0.45909336489096825,1.029049136317532,1.4119917805469804,1.7065485351594862,1.0099961791427237,0.008884332562192093,-0.06192873159760889,0.2341614240500717,0.07384343050475185,0.09286468613251456
2010,5,-1.33,27.71,0.439,0.47,-0.22,-0.055,-1.2989746592852571,-0.909074753699864,-1.2955408141909388,-2.6087100558510654,-0.16326215444480469,0.656884618263202,1.1364014127763382,1.11464661824002,0.9450749456531019,1.0887033227960294,1.9906226861788403,1.8352709131060012,1.1834794033575224,0.6654547709389066,0.15899328509516936,0.4945680477313179,-0.3202226819587031,-0.391095072293373,1.070822391287001,0.8449858701541079,-0.2011445556820934,0.45679208957625483,1.0267921959267081,1.4096176186697225,1.6349327230094175,-0.07080543829868251,0.008202112648377509,-0.06319879519086623,0.2328076355034749,-0.7249501395922566
2010,6,-0.52,27.04,0.427,-0.55,-0.69,-0.773,-0.5136811655883554,-1.2966503530445115,-0.9083938735700241,-1.2932126933222814,-1.8287350951697612,-0.0014162719164870015,0.6544377250123612,1.1343330965130993,1.1123687421104402,1.2654170055129015,1.9336040437834805,1.9970669358932565,1.8410566017688201,1.1911046592057986,0.2212908191807663,-0.5432892223514367,0.49307041311198907,-0.3200119404320268,-0.38997340550124654,0.8855507487541899,-0.7183309267976583,-0.2035045028175266,0.45449567020516046,1.024707171368177,1.941919095435162,-0.7519632416094917,-0.07140587271193138,0.006879727814959911,-0.06430403336318605,-0.5542183247639018
2010,7,-0.39,26.22,0.429,0.79,-1.07,-1.553,-0.3876464073407045,-0.5118097643716002,-1.2955408141909388,-0.9063017043432269,-1.7512712374616237,-0.8070979584050598,-0.004573848052672331,0.6520143788226526,1.1320503652230682,1.0003464814375935,1.9431071508493738,1.9399624572624603,2.003068375290444,1.8505563372133536,0.015229744897637948,0.8201703285415939,-0.5438782831031436,0.49236670941192945,-0.318962498712929,1.2607758758049497,-1.136481609827264,-0.7207368335259887,-0.20584647485816365,0.45284022109159494,1.7007155171006485,-1.491939685317613,-0.7518646047202859,-0.07266886586732921,0.005715914076727684,0.07211275283846039
2010,8,-1.69,25.47,0.505,-0.3,-1.39,-1.671,-1.6479939898172133,-0.3858476945845897,-0.5115682594335865,-1.2932126933222814,-2.613056654464654,-1.544001939949486,-0.811125325535249,-0.007482643325512962,0.6498505989636774,0.9414419205319707,2.304225219353319,1.949479870367593,1.9458877493416356,2.013029939041302,0.6765420298062823,-0.2889124404684085,0.818387651140266,-0.5434160691391148,0.4925907217249863,1.0680927024545597,-1.4886085007995635,-1.1389246753753837,-0.7231144884911007,-0.20700625999676905,1.4046929436901092,-1.603884839622175,-1.49108161163744,-0.752619940437372,-0.07376618842263384,0.23058206162941952
2010,9,-0.62,25.12,0.428,0.5,-1.6,-1.814,-0.6106309796250099,-1.6454683924546942,-0.38574550373178923,-0.5097179406396962,-1.2961710734263159,-1.8878904646702162,-1.5488248476229711,-0.8146282525217735,-0.009483775309370869,1.1083381764312372,1.9383555973164273,2.311141568362635,1.9554178536664368,1.9556863148667318,1.2036750105305642,0.5250932615572813,-0.28972419089355217,0.8173181693495121,-0.5421396343333557,-0.3922429271483968,-1.7196917730001353,-1.4910828579854003,-1.1413311803645396,-0.7238860035159874,1.0209599781579288,-1.7395471876353306,-1.6029118767864452,-1.491285453201485,-0.753148921690986,-0.06560462265844458
2010,10,-0.5,25.03,0.303,0.33,-1.69,-1.307,-0.49429120278102445,-0.608703664207762,-1.6439730607497618,-0.3839718692215036,-0.9088517848856283,-1.9763189424555472,-1.8930846245972395,-1.5528711877622554,-0.8164303229271297,1.1279730300664448,1.3444114056980967,1.9447211638150268,2.317561818008891,1.9652435855624935,1.8649872954392086,0.35211704987682224,0.5235689041771401,-0.2895477410628784,0.8172120099001524,-0.3212543895982531,-1.8187274610860944,-1.722186665323224,-1.4935136577316457,-1.1417887748719513,0.4508424293672605,-1.2585624992250515,-1.738434994721257,-1.6030322871837484,-1.4911970163279142,0.004197334785192185
2010,11,-1.84,25.06,0.215,-0.08,-1.64,-1.272,-1.793418710872195,-0.4924309844043678,-0.6083549945888151,-1.64143258340343,-1.2961710734263159,-1.9468427831937725,-1.981608567247766,-1.897384557541145,-1.5544911896506892,0.6469191160038498,0.9262746947987923,1.3498828447442348,1.950652801504036,2.328419872001437,2.0279193076630775,-0.06506087241134385,0.350744121474618,0.5228309087810779,-0.2885292529465071,0.49004318240338934,-1.7637076343716724,-1.8212311541822912,-1.7246334085038093,-1.4937068981190784,-0.206985511545049,-1.2253584280330205,-1.2579439402251067,-1.738454297857169,-1.6028504460293984,-0.07503731961028738
2010,12,-1.8,25.0,0.187,0.6,-1.6,-1.849,-1.7546387852575334,-1.7908092422089372,-0.4922109124025408,-0.6064456878844598,-0.5118495141314235,-2.0057951017173252,-1.9521005863642595,-1.9859737097700028,-1.8989195941216817,-0.010848480775620489,0.7932311958762861,0.9311166681183972,1.3550212812039477,1.9604649502146128,1.9704138915840648,0.6268439743104925,-0.06606858974911183,0.35020044568923714,0.5230239674914081,-0.5443612218987048,-1.7196917730001353,-1.766206438149476,-1.8236847302633077,-1.7246531665000064,-0.7222840652596912,-1.7727512588273615,-1.224773946324978,-1.2583217145604955,-1.738159263379502,-0.7523049607526008
2011,1,-1.53,25.0,0.123,-0.24,-1.54,-1.576,-1.492874287358566,-1.7520516822744725,-1.789153163482605,-0.49037239119074355,-0.3859707453557001,-2.0057951017173252,-2.011116548131276,-1.9564439923603858,-1.9874868981285088,-0.8158774798191495,0.489131769767701,0.7978728846465398,0.9356966909126856,1.3631355317295084,1.9799981275972336,-0.2278620128164818,0.6252305410609765,-0.06614361235579044,0.3505689081483512,0.8145622112040464,-1.653667980942829,-1.722186665323224,-1.7686562181746974,-1.8236301386632607,-1.1389084278374875,-1.5137595035295193,-1.7716049886213854,-1.225176467192875,-1.2584280018654983,-1.4880553229963396
2011,2,0.35,25.64,0.087,0.3,-1.11,-1.172,0.32978221653053896,-1.4904381527168353,-1.7504384694205135,-1.7865242042705756,-1.6447584331129346,-1.3769703707994143,-2.011116548131276,-2.015503427179623,-1.9579644634595688,-1.5521844911394502,0.3180758425816218,0.49331566528229437,0.8022752303654657,0.942615621115995,2.3441990960976464,0.32159183605085884,-0.22872720876325026,0.6243782400115724,-0.06535211732608041,-0.2908307306481915,-1.1804974711988017,-1.6561570060838458,-1.7246334085038093,-1.768642931905897,-1.4897499963240524,-1.130489653198646,-1.5128790362003817,-1.7715995452247897,-1.225310459157431,-1.5993611470280849
2011,3,0.24,26.36,0.034,-0.98,-0.93,-1.074,0.22313742109021903,0.3311671642030084,-1.489114284501396,-1.7478331053726701,-0.6086793362665954,-0.6695425485167664,-1.3816129559497525,-2.015503427179623,-2.017009332797452,-1.8957944297555884,0.06624350533544975,0.32200222938990625,0.4973118919718204,0.8088138313753317,1.9752060095906492,-0.980817287190245,0.32024563040946696,-0.2286193423245817,0.6244681200461475,0.5204668413534509,-0.982426095026883,-1.1829444482016358,-1.6585991939974767,-1.7246531665000064,-1.7199897756433609,-1.037518253860959,-1.130002535181753,-1.51306661575735,-1.7712768060875692,-1.7342487134394369
2011,4,2.55,27.05,0.071,-0.4,-0.77,-0.974,2.4626781253369385,0.22458387438323033,0.33047633641690294,-1.4866681878118084,-0.4924835497043891,0.008409114504106883,-0.6734214147455402,-1.3855361224410778,-2.017009332797452,-1.9841512711140243,0.24205098605447553,0.06979078210389052,0.3257700141253949,0.5029811691109582,1.3761912587676017,-0.3906631532216199,-0.9810233217036405,0.31973624632008874,-0.22766276141366346,0.34806610730310195,-0.8063626495407332,-0.9848554704835014,-1.185353990035428,-1.6586685183911698,-1.8186639667802071,-0.9426494790265845,-1.0371265522613928,-1.1304757604282452,-1.5129599729646444,-1.2560109779810067
2011,5,-0.01,27.41,0.131,-1.08,-0.52,-1.057,-0.019237114001417272,2.46283296059857,0.22401092774615142,0.33181346038974674,-1.7900031663156926,0.36212302564543086,0.005262145575165503,-0.6768229046102163,-1.3871973931933474,-1.9546989906612147,0.5271441980312742,0.2458629245488449,0.07322224951815744,0.3309502965872482,0.9544848741881763,-1.082567999943456,-0.39138582777738873,-0.9800695934302412,0.3201356623819293,-0.06772389834773984,-0.5312635159686242,-0.808776379178493,-0.9872513465164305,-1.1857785402778422,-1.7638449717041813,-1.0213905621391153,-0.9423551411181679,-1.037669067798908,-1.130688908562953,-1.222996538649557
2011,6,-0.98,27.35,0.157,-0.57,-0.38,-1.611,-0.9596503101569661,-0.01765087520717441,2.4597845098319335,0.22541293842050683,-1.7512712374616237,0.30317070712187805,0.35935791617727164,0.002360595811028336,-0.6786589611387314,-2.0136035515668373,0.650684589887887,0.531385317702825,0.24952917952698359,0.07768262314956399,0.8203055700038137,-0.5636393649020789,-1.0826849585874772,-0.391095072293373,-0.9783494903187351,0.6218790378536562,-0.37720800116824316,-0.5336527990144173,-0.8111601078328774,-0.9878245959513331,-1.7199897756433609,-1.5469635747215502,-1.0210154123670445,-0.9429683610342781,-1.0379597889803647,-1.7672631527708866
2011,7,-1.48,26.87,0.071,2.48,-0.43,-2.342,-1.4443993803402388,-0.9575217036179449,-0.017955910141920262,2.459823899774545,-1.4898307176966596,-0.1684478410665551,0.3003419544102551,0.3567172047264591,0.00035703624694479683,-2.0136035515668373,0.24205098605447553,0.6551116880695498,0.5354323092710261,0.2544921310211548,0.5136100175824134,2.539757374070864,-0.5642106104799107,-1.081616924660736,-0.38997340550124654,-0.22998341274806833,-0.43222782788266495,-0.379583594122535,-0.5360175473898257,-0.8118655343277693,-1.6542069815521299,-2.240454318760828,-1.5460490301005103,-1.0215699476489206,-0.9433382383858868,-1.5097505259855781
2011,8,-1.85,26.21,0.126,0.24,-0.65,-2.17,-1.8031136922758606,-1.4419912027987543,-0.9567872411476384,-0.016406429691402075,0.330569938444572,-0.8169233448256502,-0.17178573972588757,0.2976577699072218,0.3546262522742529,-1.3852882352401803,0.503386430366541,0.2458629245488449,0.6593236654934446,0.541210251894005,0.3410937693453758,0.2605414083989321,2.5364693144771033,-0.5637255353852136,-1.0797936428734745,0.31764244835304034,-0.674315065426121,-0.4346083101553501,-0.38193771354171674,-0.536929500540951,-1.1827636238983081,-2.077280026045704,-2.238828045557484,-1.5462118631249704,-1.0218741253793033,-1.1286695691311288
2011,9,0.67,25.92,0.123,-0.61,-0.8,-1.943,0.6400216214478335,-1.8004986321925536,-1.4407209169237816,-0.9546655779656087,0.2240571340958829,-1.1018595510228275,-0.8209613191630832,-0.17481770864668705,0.2955813829363693,-0.6784335043726929,0.489131769767701,0.5075917849399934,0.24952917952698359,0.6654547709389066,0.08711151499640366,-0.6043396500033634,0.25924864827916505,2.5334680671448697,-0.5624284648443034,-0.9804336668495877,-0.8393745455693864,-0.6767170606997367,-0.4369662256303271,-0.38296532162033275,-0.9854152416246151,-1.8619279071716737,-2.075821218391137,-2.2384740295744154,-1.5460775156727116,-1.0362291390030693
2011,10,0.94,25.67,0.042,-0.27,-1.05,-1.62,0.9017861193468006,0.6412276436787265,-1.7988318369981278,-1.4383043141894265,2.4608260254183536,-1.3474942115376363,-1.106205134370335,-0.8244714916583114,-0.17677757176670925,-0.0010310539580149444,0.1042559335990229,0.49331566528229437,0.5116070484590225,0.2544921310211548,0.2644198812400257,-0.25838722664244523,-0.6048752652334454,0.25880784758179204,2.531618188075248,-0.3922429271483968,-1.1144736791414953,-0.841791208798182,-0.6790916788202126,-0.43795252837769644,-0.8099944573813326,-1.555501764456644,-1.860690115096017,-2.0755888139392518,-2.2377610505183463,-0.9419021694846411
2011,11,1.3,25.52,-0.092,0.62,-1.19,-2.676,1.250805449878757,0.9028411732363636,0.6401938889136347,-1.7961969789950518,-0.018017421242046826,-1.4948750078465236,-1.3521049750662424,-1.1099254266179635,-0.8262711344834418,0.3523963114757288,-0.5324522398158273,0.1078604345244212,0.4973118919718204,0.5173170751546008,0.5519469616350885,0.6471941168611347,-0.2592256998284012,-0.6043444678774115,0.2592691708490857,-1.081845863349793,-1.2685291939418764,-1.1169147889622577,-0.8441772150860436,-0.6798962381100966,-0.5358994820012037,-2.557316026707639,-1.5545784571034007,-1.8606182095835417,-2.075011983495844,-1.0201935541849365
2011,12,2.25,25.54,-0.066,0.53,-1.06,-2.367,2.171828683226975,1.2516592126465467,0.9015180738327521,0.6413422515729902,-0.9572666959532142,-1.4752242350053393,-1.4996448794837889,-1.3560064050314575,-1.1116546696165508,0.293491750570106,-0.40891184795921465,-0.5298062435194678,0.1113426668173631,0.5029811691109582,0.6765420298062823,0.5556184753832447,0.6455628684377439,-0.2590835416937301,-0.6030061258661993,-0.5646436611987459,-1.1254776444843797,-1.2709839938541398,-1.1193197755290956,-0.8448578583821876,-0.3824062957883315,-2.2641715124694217,-2.555364558775855,-1.5547349267337873,-1.8602210636463787,-1.542764965317028
2012,1,0.86,25.67,-0.086,0.57,-0.87,-1.811,0.824226268117477,2.1721512610900846,1.2499503203915754,0.9025071691338518,-1.4414158066290736,-1.3474942115376363,-1.4799728922281168,-1.5036549920795559,-1.357674958524404,-0.17774473667488683,-0.5039429186181474,-0.40607987315274313,-0.5271743229443318,0.11591170593261067,0.2644198812400257,0.5963187604845291,0.554067395242291,0.6446877062576712,-0.2580960071800853,2.528428332057516,-0.9164023029695768,-1.1279197321688208,-1.2733996093772042,-1.1197938921690058,-0.4372252908643573,-1.7367011243902992,-2.2625208983432903,-2.554774390168279,-1.5545934552262148,-2.232295112496737
2012,2,0.03,26.08,-0.017,0.34,-0.67,-1.26,0.01954281161324454,0.8253260533674341,2.1694243043662476,1.2507270592150006,-1.7996861485292097,-0.9446533682933533,-1.3521049750662424,-1.4839685138064769,-1.505287131869118,-0.8256949066367516,-0.1760857248448291,-0.5012540042040698,-0.4032829667219134,-0.5244254306834211,0.5279863716021665,0.3622921211521434,0.5947320499958255,0.5532951081502262,0.6447569505570954,0.25679513045291713,-0.6963229961118897,-0.9188258112441232,-1.1303254779468175,-1.2737580710896241,-0.6784288691988707,-1.2139741750528956,-1.73559185238696,-2.2621492062655726,-2.5537970295039027,-2.0700527249250404
2012,3,0.93,26.67,0.005,-0.47,-0.61,-1.432,0.8920911379431353,0.021106684727290353,0.8240886857085692,2.1696406580402545,0.6404253692771221,-0.36495556947840135,-0.9488292363249576,-1.3560064050314575,-1.4856055087564901,-1.1104002843472671,-0.07155154712000293,-0.17290325207699261,-0.49858400996992747,-0.40018091163851943,0.5136100175824134,-0.46188865214886765,0.3609102851630016,0.5939140406424239,0.55345721325783,-0.6052085397988279,-0.6302992040545835,-0.6987269471128628,-0.921217132010098,-1.1307913335204787,-0.8428858544269481,-1.3771484677680197,-1.2134013769877912,-1.7356132766542303,-2.2614164381669655,-1.855930504118209
2012,4,0.37,27.32,0.059,-0.93,-0.5,-0.68,0.34917217933786987,0.8931517832527476,0.02075878392017121,0.825124971338041,0.9018658890420862,0.2736945478600999,-0.3685056122826128,-0.9524336004333307,-1.357674958524404,-1.3558359547873673,0.1850323436591158,-0.06821170792053323,-0.16979541076427868,-0.49575361859613604,0.1254484590490787,-0.9299419308136394,-0.4625489735960742,0.3603551788122866,0.5940348742797257,-0.26040707169812993,-0.5092555852828554,-0.6326972878734846,-0.7011030836556568,-0.9218399478424967,-1.1169808298070771,-0.6637352810135234,-1.3764082041541377,-1.2138123823811195,-1.7353206168616675,-1.5512543925736866
2012,5,-0.79,27.61,0.143,-0.58,-0.32,-1.54,-0.7754456634873226,0.3505459441702408,0.8918394003172293,0.022284669206503353,1.2504532487287052,0.5586307540572771,0.2708339735267451,-0.37168249137748155,-0.954201684715528,-1.5030973570514294,0.5841628404266338,0.18875844591804888,-0.06496426319146309,-0.16602777959235857,-0.5166953538332282,-0.5738144361774,-0.9301925032617223,-0.4621782041547191,0.3607133234038251,0.6421614771536973,-0.31118420911093697,-0.5116429126012912,-0.6350688691493243,-0.7018911208130421,-1.2704740160199492,-1.4796067445891443,-0.6637271923570868,-1.3766975980162828,-1.2139558730860938,-2.5473471906882867
2012,6,-2.25,27.75,0.279,-1.42,0.02,-1.396,-2.1909129484224787,-0.7734232939292374,0.3498336834479487,0.8928343944093755,2.170336559012838,0.6961861639455705,0.5560777887339968,0.2681280524976014,-0.3735938028929911,-1.4834625034162219,1.2303741209073775,0.588489796333621,0.1923485535781751,-0.0608978019389802,-0.3921002856620343,-1.4285204233043742,-0.5743767741682944,-0.929295927814994,-0.4609843122895641,0.5508905003035125,0.06295061254713123,-0.31355393488315686,-0.5140061425543815,-0.6359064727042056,-1.1279446288222823,-1.342995708827645,-1.4787613281888208,-0.6645482831462662,-1.376704940108596,-2.2558768548763437
2012,7,-1.29,27.54,0.354,-0.56,0.25,-1.936,-1.2601947336705952,-2.1880742315372013,-0.772892444352704,0.35115900983869947,0.8244020313339487,0.48985304911313043,0.6937816995237056,0.5535819874572536,0.2660589482674258,-1.3558359547873673,1.5867406358783755,1.235673887482643,0.5926129352198345,0.19714850684658483,-0.4879426457937219,-0.5534642936267579,-1.4283345239925211,-0.5738802685082631,-0.9276274140413654,0.5914553789035946,0.31604181543347154,0.06061413413998595,-0.3159034990353844,-0.5149346178380055,-0.9196324475333841,-1.8552870929332674,-1.3422904961425768,-1.4789743613220832,-0.6651508796381215,-1.731418904353884
2012,8,-1.39,27.32,0.41,0.85,0.47,-1.938,-1.3571445477072497,-1.2578927931100468,-2.1859787776190425,-0.7708828582005579,0.020714507612021933,0.2736945478600999,0.4872258333391425,0.6913873353688108,0.5514424834005347,-0.9533214552656062,1.8528276337233875,1.5925768789251178,1.2406600293063308,0.5985538760685749,-0.1572865033393997,0.8812207561935206,-0.5540444467915272,-1.426877850844417,-0.5725728800997774,0.35820732695312246,0.5581290529769274,0.3137278278909355,0.05829038316716599,-0.3169806735114964,-0.700356467229281,-1.8571844684299548,-1.854056116315991,-1.3426053435810161,-1.4788962147506322,-1.2116773023073455
2012,9,-0.43,27.1,0.427,-0.93,0.38,-2.235,-0.42642633295536625,-1.3547866929462085,-1.2568261201288473,-2.183107967974106,0.892182906828569,0.057536046607069326,0.2708339735267451,0.48467931350147503,0.689213845188933,-0.3740932730269663,1.9336040437834805,1.8590644458688326,1.5980389414863838,1.2484482833803685,-0.05185990719454336,-0.9299419308136394,0.8793846332705678,-0.5535708022621643,-1.4247037615595883,-0.4632314646985405,0.45909336489096825,0.5558365784353221,0.3114215387747736,0.056932332438576545,-0.63457367313805,-2.1389447296880473,-1.8559515445388555,-1.8539891601100176,-1.3426411818945838,-1.3739196898790416
2012,10,-1.73,26.98,0.308,-0.28,0.26,-0.816,-1.686773915431875,-0.4246052545190544,-1.3536128552840758,-1.254521594424376,0.3499359028716064,-0.06036859044003984,0.054442113714347685,0.2681280524976014,0.48255680250633554,0.2640394701172929,1.36816917336283,1.9399624572624603,1.8648818625808234,1.606845934471431,0.20691446516101314,-0.26856229791776637,-0.9301925032617223,0.8782465680878087,-0.5522840495888296,-0.929727568599485,0.32704578077635593,0.45679208957625483,0.5535469919646591,0.30987348352244937,-0.5139718839707934,-0.7927568147882726,-2.137422635634233,-1.8558831742453101,-1.8535975551047652,-0.6645808791004627
2012,11,-0.74,26.86,0.144,0.68,0.16,-0.665,-0.7269707564689953,-1.6842259523891592,-0.4244601977938807,-1.3512493416691393,-0.7732900338963877,-0.178273227487149,-0.06358980981968886,0.05157679149372783,0.2660589482674258,0.5487448478278083,0.5889143939595805,1.3736763775070664,1.9458877493416356,1.8744495139527575,0.6094523777141009,0.7082445445130615,-0.2693918635167849,-0.929295927814994,0.878078501432996,-0.5747848808487663,0.21700612734751226,0.32473277109749854,0.45449567020516046,0.5518171932548495,-0.3166235016971006,-0.6495049647883672,-0.7926163115118725,-2.1371442733362613,-1.8554899861166547,-1.475792816958944
2012,12,0.07,26.34,0.12,2.0,-0.25,-1.173,0.05832273722790635,-0.7249763440111563,-1.6826877548118533,-0.422662968119409,-2.1870054370698973,-0.6891933213579506,-0.1816217333537254,-0.06654207814475026,0.04956109402851614,0.686188823274265,0.47487710916886106,0.5932485028861874,1.3788465420159512,1.9556863148667318,1.2611804266095767,2.05135395285545,0.7065598505680458,-0.26923827481677953,-0.9276274140413654,-1.4266473314504908,-0.2341564517107465,0.21468333903186831,0.32242724119249566,0.45284022109159494,0.05614566481987481,-1.1314383409469897,-0.649511480685603,-0.7933412443461627,-2.1365159913822547,-1.3399619808524075
2013,1,-0.11,26.01,0.107,0.08,-0.53,-0.997,-0.11618692803807179,0.05986424466175513,-0.7244990767750896,-1.6801236823013355,-1.257439144572247,-1.0134310732374965,-0.6930934020012124,-0.18466094778322836,-0.06852864464725437,0.48002286010457995,0.4131069132405547,0.47903954562459533,0.5973779873822352,1.3870287084689126,1.6205892771034052,0.09774026799379412,2.048493457434688,0.705616104995968,-0.26824042243555923,-0.5545024415487254,-0.5422674813115086,-0.23651933243721568,0.21237021701527495,0.3208709248739221,0.30831304216959343,-0.9644692972384905,-1.1309502492931855,-0.6503431771315717,-0.7938361884466115,-1.849327616251919
2013,2,-0.96,26.24,0.094,1.0,-0.52,-1.209,-0.9402603473496353,-0.11454477504333632,0.059473477982262685,-0.7225189845781761,-1.3542689667074188,-0.7874471855638756,-1.0176811917198085,-0.6965093828832954,-0.1866183833230249,0.2640394701172929,0.35133671731224836,0.417176360441233,0.48301673548461826,0.6033325114164557,1.8889478854721304,1.0338468253233375,0.09659002926502662,2.046040877238496,0.7056234420899391,0.8754095291041695,-0.5312635159686242,-0.5446577422209804,-0.23886358211132985,0.2108965113591948,0.549516620504107,-1.1655910998873646,-0.9641525656811095,-1.1314227674958914,-0.6509576470489498,-1.8512141556422876
2013,3,-2.09,27.03,0.137,-0.57,-0.25,-1.114,-2.035793245963831,-0.9381429236507125,-0.11474264529714893,0.06097576810440879,-0.4247026742097688,-0.011241658337077395,-0.7914533382795768,-1.021336274389106,-0.6983405842513591,0.0480560801300058,0.5556535192289541,0.3553131752578706,0.4210710573734091,0.48864526306731576,1.9704138915840648,-0.5636393649020789,1.0318770885963227,0.09633211761300081,2.0446862558124996,-0.929727568599485,-0.2341564517107465,-0.5336527990144173,-0.5470232498075478,-0.23999858405118724,0.4508424293672605,-1.075465763794709,-1.1650679573047464,-0.964749523590143,-1.131635124068898,-2.131365255112019
2013,4,0.6,27.57,0.115,-1.1,-0.25,-0.603,0.5721567516221753,-2.033043991799342,-0.9374298941165926,-0.11313417693616563,-1.6834903619670034,0.5193292083749086,-0.01440984168050667,-0.7949417742486944,-1.0230873656097237,-0.06975304168124329,0.4511193415041279,0.5599375570182231,0.3591253792621999,0.42652300354486483,1.4001518488005238,-1.1029181424940984,-0.5642106104799107,1.0305675649335504,0.09695852676150263,-0.27054829134815045,-0.2341564517107465,-0.23651933243721568,-0.5360175473898257,-0.5479269418924237,0.3192768411847986,-0.590686324391055,-1.075035116718683,-1.1655150219311583,-0.9651011950226167,-0.7928655576455248
2013,5,0.58,27.53,0.08,0.48,-0.4,-0.325,0.5527667888148443,0.5734019137934132,-2.0311200013706765,-0.935320028516656,-0.7248751228288017,0.48002766269254005,0.5167338142226525,-0.017325882462050763,-0.7967486998145018,-0.18756216349249238,0.28481496785099536,0.45524601286176375,0.5640226222454304,0.36440074402241407,0.6142444957206853,0.504743119006639,-1.1030172859642444,-0.5637255353852136,1.0302447302651052,0.7030087950538205,-0.3992159318540119,-0.23651933243721568,-0.23886358211132985,-0.536929500540951,0.20963885103274701,-0.32695113035149376,-0.5907532057768036,-1.07554935050476,-1.1656988822829102,-0.6504318336726985
2013,6,0.83,27.3,0.025,0.3,-0.42,-1.124,0.7951413239064806,0.5540231338261808,0.5724431743049746,-2.028343572382484,0.0594464364660907,0.2540437750189156,0.47738983971130816,0.5142090309110954,-0.01932458686568304,-0.6980683580079005,0.023479523538929948,0.28869128352194195,0.4591914746726148,0.56988206398129,0.4992336635626603,0.32159183605085884,0.5032365768003727,-1.1019263909068349,-0.5624284648443034,2.041649788856531,-0.42122386253978056,-0.4015934805356611,-0.23886358211132985,-0.23999858405118724,-0.23987690859066446,-1.0849526412781463,-0.3272886827986385,-0.5916287389375011,-1.075808409218156,-1.1296128388263131
2013,7,0.7,26.91,0.169,-0.03,-0.39,-1.258,0.6691065656588298,0.7962578834165855,0.5530858272739289,0.5736328285016556,-0.11484724337721873,-0.12914629538418657,0.2511619862710729,0.4748360743649372,0.512079237175279,-1.022043442988831,0.7077032322832467,0.02696242313079349,0.29241464898859,0.46475208632791154,0.43693612947706334,-0.014185516034738228,0.32024563040946696,0.5025214425349789,-1.1000824733844226,0.09453561605258864,-0.38821196651112755,-0.4236033669487871,-0.40394911837716085,-0.23999858405118724,-0.5468632810164089,-1.212076799556208,-1.0845122578330053,-0.32836077413182996,-0.5922922856803734,-0.9635973724738796
2013,8,1.12,26.47,0.173,-0.82,-0.38,-1.226,1.076295784612779,0.670295813629575,0.7950526651620006,0.5542872790527029,-0.9379007315261798,-0.5614632978902512,-0.1324417652145432,0.24844157422452232,0.47271599095002337,-0.7962426261839419,0.7267094464150331,0.7122161667003458,0.030336780056551067,0.2974998491520824,0.37463859539146643,-0.8180161467851069,-0.015237771307193554,0.31973624632008874,0.5027351369804602,1.0275278238544774,-0.37720800116824316,-0.39058853732909804,-0.425960523212605,-0.40496020432327823,-0.5358994820012037,-1.1817187916092082,-1.2115059487649267,-1.085019421181223,-0.32924437502772447,-1.1635705478529472
2013,9,0.38,26.54,0.233,0.38,-0.18,-0.731,0.35886716074153535,1.0772501929414553,0.6692299094602032,0.7961066471646119,-2.0320777216536223,-0.4926855929461044,-0.5652254848393415,-0.13544475210052886,0.24637732515479802,-0.020665907593222545,1.011802658391832,0.7312509929106111,0.7165042914422531,0.03467490501863649,0.5806996696745949,0.4029924062534278,-0.818364702689502,-0.01536994674054317,0.3201356623819293,-0.5646436611987459,-0.15712869431055596,-0.379583594122535,-0.39294341595943877,-0.4269550870262237,-0.23987690859066446,-0.7121183561790543,-1.1811790971990945,-1.211918368245827,-1.0852705642776037,-1.0739599268104407
2013,10,-0.88,26.52,0.325,0.67,-0.2,-1.288,-0.8627004961203116,0.360235334153857,1.075734197112164,0.6703605757464193,0.5726444937825017,-0.5123363657872887,-0.49637352944448715,-0.5685472741082795,-0.13741432554145355,0.5094751405573931,1.448945583422923,1.0167733860645913,0.7355645000918557,0.7227983951134767,0.4752730735297384,0.6980694732377404,0.4015749399165362,-0.8175938634614499,-0.014630041048710714,-1.102128302649834,-0.1791366249963247,-0.15948472999127453,-0.38193771354171674,-0.3939627629718055,-0.23987690859066446,-1.2405374320065206,-0.7120606120401314,-1.1816141420811452,-1.2120634420742042,-0.591949112571273
2013,11,0.81,26.56,0.107,-0.7,-0.14,-0.873,0.7757513610991499,-0.860627803781783,0.35951235696347156,1.0766171141744263,0.5532785293554674,-0.47303482010492015,-0.5160455167001593,-0.49964460015250095,-0.5704100340192765,0.47020543328697795,0.4131069132405547,1.4545743889006943,1.0214676298358984,0.7419129365049999,0.3075489432992851,-0.6959152914812535,0.6963936868796622,0.4009741113044844,-0.816038846231152,0.5001844020534099,-0.11311283293901855,-0.1814946164044006,-0.16182366518727537,-0.38296532162033275,-0.40433389381874185,-0.8468320164438662,-1.2399373721078941,-0.7128456435962274,-1.1817845458839713,-0.3297201373100431
2013,12,0.79,26.43,0.015,-0.73,-0.17,-1.169,0.7563613982918189,0.7768791034493533,-0.8600005059924097,0.3608317845631759,0.7953530846933972,-0.6007648435726197,-0.476701542188815,-0.51933107842558,-0.5015243531250773,0.24440461648208528,-0.024036011790536497,0.417176360441233,1.4598524287767634,1.02863105737785,0.043982452937144235,-0.7264405053072169,-0.6963707384288982,0.6954613718729186,0.40129098442572086,0.31764244835304034,-0.14612472896767162,-0.11546495716502243,-0.18383507002271954,-0.1630164945908781,-0.42626149184915213,-1.1276435899536148,-0.8466360158635108,-1.240328580275216,-0.7134078704413052,-1.0833926237622835
2014,1,-0.17,26.05,-0.083,1.75,-0.49,-0.573,-0.1743568164600645,0.7575003234821208,0.7756953181309548,-0.8579378307208451,0.6694743159176736,-0.9741295275551279,-0.6045694593506858,-0.47995812187942183,-0.5212059762377051,-0.13847502940447162,-0.4896882580193076,-0.02062464239486988,0.4210710573734091,1.468265509382887,0.7340474458852949,1.7969771709724218,-0.7268692294940492,-0.6957370659848565,0.6954790268344652,-0.01701780009763719,-0.4982516199399711,-0.14847978678471152,-0.11780085551638712,-0.18501137729382358,-0.3933700948035367,-0.5622256919407426,-1.1271593928474564,-0.8473206472020018,-1.2404499072525477,-1.2097907629169768
2014,2,1.07,26.14,-0.064,1.1,-0.62,-0.308,1.0278208775944515,-0.17268111494503346,0.7563379710999091,0.7767610977156593,1.0761595688853958,-0.8857010497697969,-0.9783372172084641,-0.6079202306544378,-0.4818427300124494,-0.5704418093790493,-0.39940874089332135,-0.48697788454637075,-0.01731374156745602,0.42652300354486483,0.7532159179116323,1.1355975380765488,1.7943393652250967,-0.7262012653540049,-0.6943058631654647,-0.8181741524492591,-0.6413031693974679,-0.5006379693947283,-0.1508179627695533,-0.11902672918498719,-0.3824062957883315,-0.31082343862965006,-0.5623217824338361,-1.1276347392253063,-0.847770472285464,-1.1796061326710798
2014,3,0.44,27.0,-0.103,-0.47,-0.28,0.426,0.41703704916352813,1.0288032430233744,-0.17281468639028616,0.7574155482667065,0.3596188850851236,-0.04071781759885556,-0.8898132745579376,-0.9819633178429477,-0.6097732802445321,-0.501719821655821,-0.5847193286782404,-0.3965624600476104,-0.4842888534827254,-0.013111448460171865,1.0407429983066951,-0.46188865214886765,1.1335387254801592,1.7921725491622595,-0.7247391089318865,0.3987722055532046,-0.2671683477393996,-0.6437022310800475,-0.5030004401366595,-0.1520190532394054,-0.16313031548422835,0.38551336865465896,-0.3111775429042903,-0.5632185269081121,-1.1278502620451187,-0.712687633554861
2014,4,0.19,27.9,-0.116,-0.66,0.08,0.536,0.1746625140718918,0.41837167405555414,1.0273408295345496,-0.1711708252830238,-0.8604368738180423,0.8435669602544544,-0.043917822564016676,-0.8933741656140899,-0.983724119384468,-0.5213546752910285,-0.6464895246065469,-0.5821520155976975,-0.39375286239711194,-0.48141771255249366,1.4816178549124583,-0.6552150063799691,-0.4625489735960742,1.132114896164045,1.7910758744256507,0.6928675754038,0.1289744046044374,-0.2695341620569048,-0.6460745715670464,-0.5039371764865328,-0.18505791351463868,0.489869020972471,0.38444461488698023,-0.31226165398184286,-0.56390582050203,-1.2380888537725054
2014,5,-0.8,28.25,-0.023,-0.49,0.32,1.272,-0.7851406448909881,0.1761369244651494,0.41758439805660874,1.0282532405520444,0.7759871202663629,1.187455484975188,0.8413216039412487,-0.046855599871671164,-0.895156815377641,-0.48208496802061335,-0.20459504604250894,-0.6440152007810599,-0.5795898967307395,-0.39062364094275775,0.43693612947706334,-0.4822387946995099,-0.6557060836753636,-0.4621782041547191,1.1316888828198446,-0.6964795166490128,0.39306957283366206,0.1266437933793641,-0.2718806893644961,-0.6469039140556784,-0.11927511942340774,1.1881032037534676,0.4886931671445276,0.38284153367054063,-0.3131587114266632,-0.8466319302710288
2014,6,-0.67,27.96,0.04,0.19,0.23,-0.363,-0.6591058866433372,-0.7831126839128535,0.17561756016853708,0.418868432910034,0.7566211558393284,0.9025192787780107,1.1855813809155205,0.8390359224169058,-0.04884702153462654,-0.6097115166494645,0.0947528265331296,-0.20145549139239063,-0.6415355748419488,-0.5769904195101103,-0.0039387271286995705,0.2096660520223265,-0.48288130097284154,-0.6551181334926588,-0.4609843122895641,-0.7269031755990744,0.2940338847477028,0.3907624303368767,0.1243245976734984,-0.27299090810560545,-0.1521665164690232,-0.36300126478855604,1.1862107531586625,0.4870123111116335,0.3813634699368054,-1.125839760045576
2014,7,0.21,27.23,0.2,1.56,-0.06,0.316,0.19405247687922267,-0.6571506141258431,-0.7825711178682269,0.17704906479812504,-0.1729451366583219,0.18526607007476886,0.9003375657082686,1.1835492921957989,0.8368260185336436,-0.9827737357184159,0.8550013918045926,0.09834302141928852,-0.1983857237386829,-0.6391126790325612,-0.47356629177396875,1.6036508167413206,0.20841782983724683,-0.482487670400818,-0.653728202143569,1.7881192976060172,-0.025081110195943643,0.29171794147780944,0.388461455698828,0.12291698054741293,-0.5030080849555882,0.281157716336847,-0.3633018190330639,1.1840095128993098,0.4854471755907312,-0.5636510217157447
2014,8,-2.28,26.82,0.313,-0.59,-0.03,0.305,-2.219997892633475,0.19551570443238178,-0.6567483621664295,-0.7805556329250343,1.0277446578178098,-0.21757477316951754,0.18231003087621855,0.8980953572361466,1.1812544230046396,-0.89441689435998,1.3919269410275632,0.8597360698299022,0.10181256249256168,-0.19469959167964357,-0.38251604964886554,-0.5839895074527212,1.6011822551458073,0.2080341819665448,-0.481273142800512,1.1289400203546829,0.007930785832709437,-0.027425411512518233,0.2894101339393294,0.3868555729827585,-0.6455374721532552,0.27072215110506576,0.28019606262943286,-0.36434704270238927,1.1818617879660895,-0.31368455249191035
2014,9,1.72,27.01,0.288,1.14,0.29,0.443,1.6579946688327059,-2.2171424014880494,0.1949749071995828,-0.6548095615068417,0.4177167783662267,-0.030892431178261674,-0.22096570786506972,0.17953890026874372,0.8958708878715306,-0.05011818804603569,1.273138102703897,1.3974699102698982,0.8642209084766749,0.106354435236849,-0.5694086519056563,1.1762978231778332,-0.5845429378566781,1.5992326198243199,0.20854709457171597,-0.4632314646985405,0.36005767680500894,0.005589418107170837,-0.029755236174610556,0.2878786008195039,-0.27276830563627996,0.40164106037650266,0.26977120740367816,0.27867075622944776,-0.36520056425362607,0.3786754037733515
2014,10,-0.87,27.16,0.27,1.11,0.44,0.99,-0.8530055147166462,1.6586135919584266,-2.215014798165611,0.19639461424707774,0.175642223028297,0.11648836513062216,-0.034081828936178844,-0.22403390432938655,0.17749164426059882,0.8334502255383237,1.1876101391108576,1.2785022464557396,1.4026718028279548,0.8709360908977826,-0.6317061859912533,1.14577260935187,1.1742033802336937,-0.5840350016313125,1.598331984571646,-0.6559146380489307,0.5251171569482744,0.3577476007171876,0.0032618710785556485,-0.03104719837320532,0.12192845891110575,0.9205732587205313,0.40055575478132843,0.26825367848533843,0.2772797642828796,0.4824350702436224
2014,11,0.58,27.46,0.043,1.77,0.75,1.005,0.5527667888148443,-0.8509384137981668,1.6564546080435358,-2.2121262921475346,-0.7829730161099049,0.4112499577483933,0.1134580754813642,-0.03701236073512986,-0.22598162954828058,1.1770601641544656,0.1090074871319695,1.1928455285095458,1.283545498767937,1.4109218852083167,-0.186039211378906,1.817327313523064,1.1437048891685428,1.1727338286562428,-0.5827172953552514,-0.4835139039985816,0.8662400825776895,0.522821748815633,0.3554443484456618,0.0019451256812128774,0.38505963527602954,0.9348035749456874,0.9189553737347684,0.39894065382052774,0.266871393717487,1.1766815658992527
2014,12,1.63,27.31,0.037,-0.4,0.71,1.514,1.5707398361997167,0.5540231338261808,-0.8503218324768869,1.6569835976430076,-0.6570942473341814,0.263869161439506,0.4085378843164538,0.11063622631296513,-0.03900620997831088,0.89235478644395,0.08049816593428966,0.1126191410769875,1.1977745598447245,1.2914560015112957,0.11586422303590993,-0.3906631532216199,1.814671692601864,1.1422696292870946,1.1722665438417403,0.2060890322028145,0.822224221206152,0.8639749882190867,0.5205298847114929,0.3538632489283403,0.28638544413918315,1.4176856388526538,0.933171085406252,0.9169535198230532,0.39744913353786665,-0.36556438572704575
2015,1,1.57,27.05,-0.03,-0.18,0.51,1.319,1.5125699477777241,1.5714090821058808,0.5530858272739289,-0.8482650559963687,0.19500818745533136,0.008409114504106883,0.2609979798989073,0.4059334004091586,0.10860596336639965,0.17568262875885696,-0.23785592077313544,0.0840669017615895,0.11610771897976378,1.2054405652494409,0.8826031040894107,-0.16681158516455508,-0.39138582777738873,1.8124820154083585,1.1418332980753185,1.5954361242556272,0.6021449143484648,0.8199552153928346,0.861706659660877,0.5188248692004314,-0.031564727301766446,1.2326915279256234,1.4155575681252666,0.9311586258377477,0.9150290152896613,0.2749157373030807
2015,2,1.05,27.17,-0.026,-0.37,0.42,1.438,1.0084309147871207,1.5132727422041838,1.5693465464038299,0.5542872790527029,-2.2160543837104485,0.12631375155121605,0.005262145575165503,0.25828481336106013,0.4038303100558242,-0.2268318707629076,-0.21884970664134887,-0.23476643726035498,0.08751740600535954,0.12069034128049148,1.4241124388334456,-0.36013793939565647,-0.16773022663294834,-0.391095072293373,1.8113647049365986,-0.5849261004987869,0.5031092262625056,0.5998563512615742,0.8176838499899887,0.859745551096086,0.0013266697438490233,1.3455853699785292,1.230753316395978,1.413185223269714,0.9292222478788329,0.2645397706560536
2015,3,1.12,27.75,-0.151,0.39,0.47,1.326,1.076295784612779,1.009424463056142,1.5112745053106929,1.5699286251227202,1.657138501696427,0.6961861639455705,0.12329406910920204,0.002360595811028336,0.25621813671111016,-0.04030076122843015,-0.8127938982596793,-0.21573161105008964,-0.23174108887548786,0.09201852919320648,1.304309488668836,0.41316747752874894,-0.3608873367122377,-0.16769094358628497,-0.38997340550124654,1.1695048989547647,0.5581290529769274,0.500811862402507,0.5975698016355474,0.815755785690195,0.35216823823041404,1.2393323421640299,1.3435312956564156,1.2285188450786857,1.4108459404047262,0.39471098859148435
2015,4,0.64,28.52,-0.093,-1.49,0.7,0.856,0.6109366772368371,1.0772501929414553,1.007983482503504,1.5118919767758623,-0.8507538916045252,1.452740918331181,0.6937816995237056,0.12047946544950643,0.00035703624694479683,0.1069606410356286,-0.537203793348774,-0.8105699301208816,-0.21268088022588502,-0.22815003911480938,1.2180513645503175,-1.499745922231622,0.4117411036049199,-0.3606308729242246,-0.16679626988081983,1.1390812400047035,0.8112202558632676,0.5558365784353221,0.4985184798760487,0.5958069586607404,0.5166252234584915,0.7934491004424694,1.237387315176004,1.3412126861285953,1.226333916745494,0.9106795118572858
2015,5,0.19,28.85,0.023,-2.15,0.92,0.381,0.1746625140718918,0.6121594737278779,1.075734197112164,1.0089076911030916,0.5532785293554674,1.7769786702107302,1.4511532088671,0.6913873353688108,0.11844677492271531,0.4014834455637496,0.013976416473036652,-0.5345649500720342,-0.8083124005259734,-0.20903549772328608,0.13024057705566305,-2.1713006264028163,-1.4994976698112068,0.4111288444275339,-0.35954015973482467,1.8084017369060583,1.0533074934067237,0.8089502721862716,0.5535469919646591,0.49682998649748583,0.8565029929298514,0.34282241997919044,0.7919616828028471,1.2351478945522099,1.3389335619529228,0.9248285572850499
2015,6,0.24,28.9,0.007,-1.52,1.18,0.66,0.22313742109021903,0.1761369244651494,0.6111578683670661,1.0766171141744263,1.5699916617747725,1.8261056023136892,1.7757409985856996,1.449316748882372,0.689213845188933,0.25422204329968734,-0.062048440054109644,0.01744501002566081,-0.5319393751067325,-0.8063649162083902,0.10148786901615678,-1.5302711360575856,-2.170464473244528,-1.4979609827057634,0.4114353996811948,-0.3922429271483968,1.339410592321717,1.0510590227306582,0.8066781475722666,0.5518171932548495,0.8126477968690308,0.6075063017670954,0.34179747987252906,0.7900545727584491,1.2329574252871076,1.4049528321338487
2015,7,-3.14,28.75,0.11,-1.11,1.46,1.416,-3.053766293348704,0.22458387438323033,0.17561756016853708,0.6123239273995611,1.5118937684936693,1.6787248060048054,1.8249209667248782,1.7741436403881858,1.4469563350251204,-0.0010310539580149444,0.42736157383939466,-0.05869429481540057,0.020806675731749644,-0.5292040660313019,-0.21958403742499663,-1.1130932137694196,-1.5299961608763577,-2.168173368827027,-1.4957146683479061,-0.16913609484794515,1.647521621922479,1.3371875461012968,1.0488036007621522,0.8047583443387223,0.5933718165649277,1.3247142395149667,0.6062097169621264,0.34022621562645716,0.7882361374930608,1.2210152415729139
2015,8,-1.1,28.79,0.156,0.87,1.93,0.907,-1.0759900870009518,-3.0504299400790424,0.22401092774615142,0.17704906479812504,1.0083786933907755,1.7180263516871739,1.6773810623073353,1.8233598360708818,1.7717031163834887,0.11677806785323415,0.6459330363549404,0.43145248009893206,-0.055434158866661684,0.02511763432287481,-0.20041556539865912,0.9015708987441629,-1.113183449652628,-1.5284251820749117,-2.165246075209186,-0.3618192681983352,2.1647079930380437,1.6453259558850615,1.3349518636229258,1.0467020540711225,0.4946976254280811,0.8418321756080005,1.322681585204906,0.6044411874997746,0.3387837721692903,1.3332643352998432
2015,9,-0.49,28.93,0.278,1.09,2.21,1.019,-0.484596221377359,-1.0737943834213393,-3.047380720500578,0.22541293842050683,1.0761595688853958,1.8555817615754675,1.7167250368186795,1.6757112490227868,1.8209071741650564,0.686188823274265,1.2256225673744308,0.6503529815169834,0.4353662138606112,-0.05134053124321854,-0.7994303162217066,1.1254224668012278,0.8997169606473352,-1.1120811240298842,-1.526147914114328,0.40891342520322516,2.4728190226388063,2.1625582865935233,1.6431115313191438,1.3326355292094136,0.549516620504107,0.9480852034224998,0.8402951024858918,1.3203785306403766,0.602777898327884,1.227618129439204
2015,10,0.99,29.08,0.302,0.62,2.36,0.82,0.9502610263651279,-0.48274159442075154,-1.0729313233339128,-3.0439849184525016,0.6113764226365705,2.0029625578843513,1.8544289476083882,1.715084205568945,1.673295000820346,1.4421306882297733,1.3396598521651502,1.2309151809300765,0.6545586133310438,0.4408589095885074,-0.5214874718398126,0.6471941168611347,1.1233725617917756,0.8985560343339076,-1.1102268886398965,-1.4976358690006346,2.6378785027820717,2.470696696377288,2.160379544952081,1.6405638870506498,0.8016839978538256,0.7592963415020946,0.9464390829663035,0.8383519332084104,1.3181168208221377,0.7842813727025921
2015,11,1.7,29.42,0.164,-0.4,2.72,-0.068,1.638604706025375,0.9512881231544447,-0.4825322388870179,-1.0707388746593252,0.175642223028297,2.3370256961844946,2.0019688520259313,1.852889553480502,1.7126582470456015,1.7661057732107075,0.6839454646185135,1.3451241381916683,1.2358949771439303,0.6606761355910258,0.03439821692397547,-0.3906631532216199,0.6455628684377439,1.1219601630409957,0.8983673319439439,-2.1669563659019895,3.034021255125909,2.6357708444757333,2.4685392126482992,2.1574436305698685,1.0428875761883392,-0.08313837902715121,0.7578439747912862,0.9444167247847958,0.8364931282962446,0.3362282674900589
2015,12,1.99,29.26,0.207,0.08,2.66,-0.081,1.9197591667316731,1.6392348119911944,0.9499114414103664,-0.4806996164662672,0.2240571340958829,2.179819513455017,2.336392635372369,2.0005381405285974,1.850429608834,1.8151929072987247,0.8882622665352191,0.6884226339375141,1.350256229041547,1.2436696480324876,-0.04227567118137461,0.09774026799379412,-0.39138582777738873,0.6446877062576712,1.1215444675643707,-1.5280595279506963,2.9679974630686026,3.0319487999120023,2.63362474891413,2.4653719884111047,1.327946350583673,-0.09547131975561989,-0.08372615616055061,0.7559623183231824,0.9424692649620598,0.5994005124464732
2016,1,-0.37,29.11,0.209,-0.68,2.57,0.547,-0.3682564445333736,1.9202271215160638,1.63709726101249,0.9508710427562336,-3.0487908540729274,2.0324387171461296,2.1790167373269878,2.3352082711709525,1.9980417821787104,1.667931505034666,0.8977653736011124,0.8930470156978665,0.6926790306302495,1.3583568963816275,0.4513124834968165,-0.6755651489306114,0.09659002926502662,-0.391095072293373,0.6447569505570954,-1.1122695222998547,2.868961774982643,2.965919140672624,3.029830035952125,2.6303336086831957,1.6349327230094175,0.5003045862042522,-0.09604643960916985,-0.08497995774673109,0.7541723792790487,1.312512402005789
2016,2,1.35,29.01,0.133,-0.54,2.26,1.116,1.2992803568970843,-0.36646891461735726,1.9177787929626533,1.637638048194055,-1.0734624825154204,1.934184852940208,2.0314768329094415,2.177716444986316,2.3326293750933944,1.707201212305081,0.5366473050971675,0.9025644288029993,0.8975762736134799,0.6989052183740725,0.6717499117996979,-0.5331141510761156,-0.676038411052131,0.09633211761300081,-0.38997340550124654,0.8956919684042105,2.527838849353228,2.8668746518135566,2.9637958214457925,3.0262414973362146,2.15023127672406,1.0401079150118433,0.49911802237028235,-0.097291049626133,-0.086066989999916,0.8323881271569905
2016,3,0.37,28.9,0.166,-0.23,1.62,1.572,0.34917217933786987,1.3001061625646277,-0.3663881567007435,1.918148515203869,-0.48280056749087197,1.8261056023136892,1.9331168966310806,2.0300678579382176,2.175176390192368,1.8446451877515377,0.6934485716844068,0.5409027308079577,0.9071063779382813,0.9043865383329482,1.2563883086029926,-0.21768694154116072,-0.5337121194147598,-0.6754275997387577,0.09695852676150263,1.1187988007046623,1.823585067408629,2.525721412410103,2.864744499686293,2.960256849227378,2.4572176491498046,1.4727095282565912,1.0383673517752319,0.4974293888557428,-0.09836779157719813,0.9380343330176298
2016,4,0.26,28.72,0.155,-0.11,0.91,1.736,0.24252738389754994,0.3505459441702408,1.2983436879691899,-0.3646263197725509,0.9502808001096722,1.6492486467430272,1.8249209667248782,1.9316354665728221,2.027564216847654,1.9919065900155966,0.6411814828219937,0.6979400470426469,0.5449624135958275,0.91394380902871,1.3713991407610173,-0.09558608623730722,-0.21856104507486662,-0.5332613360160653,-0.674017032654517,0.6421614771536973,1.0423035280638393,1.82140504719007,2.523567724736909,2.8612798770641232,2.621674634377882,1.6282943189849652,1.4705249865883372,1.0362764103464872,0.49585554615612376,0.750323663675958
2016,5,-0.67,28.23,0.322,1.05,0.3,1.593,-0.6591058866433372,0.24396265435046274,0.3498336834479487,1.2990909328373825,1.6377725372693928,1.1678047121340036,1.6478730814238252,1.8233598360708818,1.9291561012845149,2.3256991018141364,1.4346909228240832,0.6455942749644171,0.702209134955051,0.5507675225897667,0.710086855852373,1.0847221816999433,-0.09656708081426278,-0.21846460920153224,-0.5319952190778817,-0.3922429271483968,0.37106164214789333,1.0400540795240951,1.819202770002697,2.520359195168468,3.016371398925268,1.4926319709718097,1.6259501008632258,1.4681116331931994,1.0342521690387039,-0.08729982564768302
2016,6,-0.13,27.69,0.387,-0.95,-0.03,0.983,-0.1355768908454027,-0.6571506141258431,0.24336827477719714,0.35115900983869947,1.9185790214613914,0.6372338454220178,1.1659093936598481,1.6461815316131663,1.8209071741650564,2.168620272732472,1.743541902465615,1.4402982692429953,0.6497935611686432,0.7084624890698342,0.9161479301355012,-0.9502920733642816,1.082707907038241,-0.09660781172493879,-0.21751834615818955,0.09453561605258864,0.007930785832709437,0.3687525439237506,1.03779789834443,1.8165229486742138,2.950588604834037,0.9139324444821251,1.4904269829284142,1.6234207922871924,1.4657264397495235,-0.09956233168507868
2016,7,-1.72,26.82,0.41,-0.7,-0.48,0.549,-1.6770789340282097,-0.1339235550105687,-0.6567483621664295,0.24475848786945958,-0.36660478092866566,-0.21757477316951754,0.634765737756689,1.1638628139227196,1.6437725661514024,2.0213588704684096,1.8528276337233875,1.749614195159807,1.4455572722895613,0.655897500243145,0.9257321661486699,-0.6959152914812535,-0.9505248306384896,1.0813412305487977,-0.09578536309250224,-0.6761970773489717,-0.48724765459708674,0.005589418107170837,0.36645005086338384,1.0357046127196499,2.85191441369719,0.5022019617009397,0.9123213749547427,1.4879987816137716,1.6209057827244673,0.49281103689064953
2016,8,-2.24,26.28,0.434,-0.44,-0.58,-0.093,-2.181217967018813,-1.6745365624055428,-0.13409999232819467,-0.6548095615068417,1.2988681597962912,-0.7481456398815035,-0.22096570786506972,0.6323279005495736,1.1615727998920116,1.9231846022923718,1.9668649185141072,1.8590644458688326,1.7552856628456073,1.4539296033392444,0.5615311976482573,-0.43136343832290425,-0.6963707384288982,-0.9496053940610928,1.080966806542475,-0.5342200022486843,-0.5972873080259303,-0.48963302618816523,0.0032618710785556485,0.36486069027981305,2.51203664422583,-0.10685557273574484,0.5010134505931468,0.9103244703495291,1.485596965374364,1.029531493450505
2016,9,0.74,26.14,0.435,-0.99,-0.58,-0.317,0.7078864912734916,-2.1783848415535854,-1.6730090812963305,-0.13247972638511837,0.3499359028716064,-0.8857010497697969,-0.7521093637682289,-0.22403390432938655,0.6301689758510496,1.8151929072987247,1.9716164720470537,1.9732734031304249,1.8648818625808234,1.7645409009514985,0.7196710918655418,-0.9909923584655661,-0.4320504825309233,-0.6957370659848565,-0.9479162445523132,-0.2198421930980478,-0.5972873080259303,-0.5996824582537954,-0.49199473771893737,0.0019451256812128774,1.8103535072527002,-0.3193616283647438,-0.10741900894635682,0.4993234029910354,0.9084055067480479,1.459662474454537
2016,10,0.96,25.98,0.358,1.05,-0.74,-0.343,0.9211760821541315,0.7090533735640399,-2.17630010410352,-1.6704509075768592,0.24342309852291732,-1.0429072324992748,-0.8898132745579376,-0.7555688177025327,-0.22598162954828058,1.6384792245818527,1.6057468500101622,1.9780321096829911,1.9792431144784404,1.8744495139527575,0.6669577937931135,1.0847221816999433,-0.9911894853920242,-0.43171400478557076,-0.6943058631654647,-0.09814755729780143,-0.7733507535120802,-0.5996824582537954,-0.602051761896158,-0.49293973513506006,1.031923777173134,-0.3440275098216812,-0.3197069699071805,-0.10865513443788856,0.49774797716801333,1.614358704464759
2016,11,-0.31,25.94,0.368,-0.06,-0.76,0.658,-0.3100865561113808,0.9222199532035961,0.7079446035222947,-2.1734351932496296,-0.6570942473341814,-1.0822087781816432,-1.0471891726033185,-0.8933741656140899,-0.7573854535892427,1.1574253105192578,1.6532623853396287,1.611611705135383,1.9840081666408411,1.9891367623018976,1.467241500892705,-0.0447107298607016,1.082707907038241,-0.9902243265532907,-0.4305510665231423,1.07823392210458,-0.7953586841978489,-0.7757615495588038,-0.602051761896158,-0.6029141486497873,0.3631320372456192,0.6056089262704079,-0.344347536804419,-0.3207847175906596,-0.1097223776485355,1.4794711380534067
2016,12,0.35,26.1,0.313,-1.18,-0.5,-0.022,0.32978221653053896,-0.30833257471566017,0.9208754208637978,0.7090516746443247,-0.1342132078042531,-0.9250025954521656,-1.0865331471146629,-1.0508659917987262,-0.895156815377641,0.6272842623686422,1.3919269410275632,1.6591987706610467,1.6170991501359866,1.9939153976497785,1.7787291713206899,-1.1843187126966672,-0.04573626237234451,1.0813412305487977,-0.988493905574209,-0.9500100078995259,-0.5092555852828554,-0.7977714359719299,-0.7781430005797112,-0.6029141486497873,0.0013266697438490233,-0.03949874260333892,0.604314288739262,-0.34540690134946334,-0.32167465098016623,0.9040766239909958
2017,1,0.05,26.12,0.203,0.17,-0.43,-0.306,0.038932774420575446,0.3311671642030084,-0.3083161156076063,0.9218527185828045,-1.6738073797534863,-0.9053518226109812,-0.929157249069282,-1.0902389483448844,-1.0526098002786672,-0.2268318707629076,0.8692560524034325,1.3974699102698982,1.6647496717599937,1.6259604758629542,1.8889478854721304,0.18931590947168425,-1.1843465954713135,-0.045834146109691526,1.080966806542475,-0.6964795166490128,-0.43222782788266495,-0.5116429126012912,-0.8001544054151554,-0.7788732102733511,-0.4920442859403831,-0.30892606313296256,-0.04013130703466717,0.6025471733644819,-0.3462762541347305,0.49469757628101807
2017,2,0.69,26.67,0.204,0.67,-0.08,0.024,0.6594115842551643,0.04048546469452274,0.33047633641690294,-0.30658967142569277,-2.1773224548563803,-0.36495556947840135,-0.9094852618136098,-0.9327471221602481,-1.0919730465039228,-0.7569729189135233,0.8740076059363792,0.8740121894876013,1.4026718028279548,1.6737468293417626,2.0039587176301557,0.6980694732377404,0.18808550246047953,-1.1831642558912303,-0.04506328681513253,-0.43280780574847894,-0.04708904088171237,-0.4346083101553501,-0.5140061425543815,-0.8008680929762966,-0.6016822760924345,0.004140893820473367,-0.30928211468142575,-0.04141763263500134,0.6008854673159943,-0.11088156802729003
2017,3,0.37,27.32,0.145,-1.02,0.03,0.033,0.34917217933786987,0.6606064236459589,0.040116130951216945,0.33181346038974674,0.7082062447717424,0.2736945478600999,-0.3685056122826128,-0.913060643887169,-0.9345200616028967,-0.89441689435998,0.5936659474925271,0.8787708960401674,0.878516064963877,1.4109218852083167,2.00875083563674,-1.0215175722915293,0.6963936868796622,0.1877247157204459,-1.1812377954282138,-0.9905748864996081,0.07395457789001558,-0.049435297925644286,-0.4369662256303271,-0.5149346178380055,-0.6016822760924345,0.012679083555567076,0.003463542091216264,-0.31036763984655025,-0.0425410767264561,-0.3221739797485689
2017,4,1.74,28.03,0.26,-1.45,0.22,0.377,1.677384631640037,0.3505459441702408,0.6595512359446803,0.04163021865545607,0.9212318534691206,0.9712969837221574,0.2708339735267451,-0.37168249137748155,-0.9148384384902689,-1.0514957234416442,1.1400946037813913,0.5980072094387537,0.8832811171262778,0.8852719969414251,1.6397577491297426,-1.4590456371303375,-1.0216879764571751,0.6954613718729186,0.18825826406076812,1.07823392210458,0.2830299194048184,0.07161907734654899,-0.051766641010054695,-0.43795252837769644,-0.7771030603357171,0.33902766898581543,0.011992969094106503,0.0021446924767284142,-0.3112662804147736,-0.34669899182336017
2017,5,-1.72,28.3,0.292,0.95,0.37,0.295,-1.6770789340282097,1.677992371925659,0.3498336834479487,0.6606878010219429,-0.3085068876475625,1.2365824170781505,0.969189521103123,0.2681280524976014,-0.3735938028929911,-1.0907654307120593,1.2921443168356836,1.1452584629838825,0.602143039544636,0.8900506322893058,1.6876789291955865,0.9829714689467318,-1.4588330150576723,-1.020688525922439,0.6954790268344652,-0.04744145904769878,0.44808939954808386,0.2807129982712464,0.06929608558488806,-0.053042081076150785,-0.7990306583661274,0.2612352736216283,0.33800662342680005,0.010667756085545106,0.000984836547003783,0.5975139730561047
2017,6,0.35,28.06,0.285,-1.43,0.34,0.132,0.32978221653053896,-1.6745365624055428,1.6758119550745816,0.35115900983869947,0.330569938444572,1.0007731429839322,1.2347613490547025,0.9669980311919252,0.2660589482674258,-0.9336866016303952,1.2588834421050572,1.297537072666005,1.1501240382207174,0.6081111467643365,1.4241124388334456,-1.4386954945796953,0.9810462701544044,-1.4573420502135654,-1.0189271513406308,-1.1832580598499982,0.4150775035194308,0.4457871463696918,0.2784044315216074,0.06792977379004927,-0.5139718839707934,0.10659917064159785,0.26029406628935564,0.336438187355872,0.009500776100506805,-0.04390941966920612
2017,7,1.28,27.54,0.28,0.03,0.25,-0.421,1.231415487071426,0.3311671642030084,-1.6730090812963305,1.6763291470919603,0.04008047203905631,0.48985304911313043,0.9986975019866295,1.2327654878784984,0.9647565687657298,-0.9140517479951875,1.235125674440324,1.2642261267980406,1.30260570741754,1.1576542117706325,0.8969794581091638,0.04686491161718851,-1.4385006876809048,0.9797938993183032,-1.4551370073260101,0.18580659290277343,0.31604181543347154,0.41277231675000275,0.4434899677874384,0.27688115946803116,-0.4372252908643573,-0.41802515419249325,0.10581666612589911,0.25878360780887544,0.3349989101455112,-0.31179801310154176
2017,8,-1.53,26.7,0.287,-1.57,-0.16,-0.277,-1.492874287358566,1.2322804326793144,0.33047633641690294,-1.6704509075768592,0.6597913337041564,-0.3354794102166267,0.4872258333391425,0.9965277486015421,1.230458480786211,-0.3740932730269663,1.2683865491709503,1.2404325940352092,1.2692503422807349,1.3105705429028192,0.9017715761157481,-1.5811464924341911,0.04575921082310836,-1.4370325839674665,0.9795226539877354,0.6928675754038,-0.13512076362478725,0.3137278278909355,0.4104728605342722,0.44184277974012215,-0.05349232533217677,-0.281414118430994,-0.41826923749613437,0.10442145578252872,0.2574092386580392,-0.0005190136907292178
2017,9,-0.45,26.29,0.328,0.46,-0.43,0.07,-0.44581629576269716,-1.4904381527168353,1.2305929733605296,0.33181346038974674,0.3499359028716064,-0.7383202534609131,-0.33899763139910627,0.48467931350147503,0.9942790034346698,0.2640394701172929,1.4632002440217629,1.2737435399031733,1.2454250814687315,1.2771200954676534,0.6190366137272697,0.4843929764559969,-1.580826979318276,0.045558451997753546,-1.4348481768150623,-1.0209985454496697,-0.43222782788266495,-0.1374748435781485,0.3114215387747736,0.408850455685704,0.06710946383507996,0.047780530244285656,-0.2817984054498906,-0.4192734526258746,0.10317611118904003,0.007970413565929308
2017,10,0.71,26.15,0.411,0.3,-0.56,-0.518,0.6788015470624953,-0.4439840344862868,-1.489114284501396,1.2313815097660479,1.6765044661234616,-0.8758756633492065,-0.7422733701403945,-0.34215277396786464,0.48255680250633554,0.9610767741671784,1.8575791872563343,1.4688505085583932,1.2787804466055364,1.2532269187282494,1.1701301844844734,0.32159183605085884,0.48290424942360544,-1.579198847690159,0.04623645048413293,-1.4570709904005525,-0.5752793773401618,-0.4346083101553501,-0.13981226035183125,0.30987348352244937,0.275421645123978,-0.5100478657818366,0.047058391217099704,-0.2829044348848076,-0.42008106359842334,0.3324551887093218
2017,11,-0.14,25.74,0.329,-0.08,-0.97,-0.594,-0.14527187224906815,0.6799852036131913,-0.44381754482492647,-1.4866681878118084,-1.6738073797534863,-1.278716506593493,-0.8799772809301033,-0.745725578565995,-0.3440713682240511,1.2261472982424861,1.4679517975547096,1.863823152421399,1.4741475852639656,1.286677366163415,1.3234779606951736,-0.06506087241134385,0.32024563040946696,0.48221197628888,-1.5768699903916976,0.9768217256043747,-1.0264419563984204,-0.5776725718406694,-0.4369662256303271,-0.14102161188793266,0.4398786303520553,-0.5821481346559612,-0.5101975063050624,0.045707017588458174,-0.283826030742375,0.25510707370421076
2017,12,0.73,25.62,0.341,-0.48,-0.98,-0.295,0.6981915098698261,-0.14361294499418492,0.6789085829757261,-0.4420085175683618,0.330569938444572,-1.3966211436405986,-1.2832530196713916,-0.8835309264775522,-0.7475446420329305,0.9905290546199881,1.5249704399500694,1.4736092151109597,1.869646914743224,1.4826014154265292,1.289933134649083,-0.4720637234241888,-0.06606858974911183,0.31973624632008874,0.4824463064695124,-1.4367885511005114,-1.0374459217413048,-1.0288752433097534,-0.580040357060714,-0.43795252837769644,0.4069872333064399,-0.2984904979011814,-0.5822237787739133,-0.5111331381875657,0.04451074982046367,0.10135411338917309
2018,1,1.17,25.57,0.15,0.44,-0.98,0.038,1.124770691631106,0.6993639835804236,-0.14377866584371754,0.6800333504708956,1.231087284301671,-1.445748075743561,-1.4012849432054246,-1.2871037310756823,-0.8853160038213288,0.48002286010457995,0.6174237151572605,1.5307136937417556,1.4789126374263661,1.8792281493006384,1.2659725446161612,0.4640428339053546,-0.4727151372844579,-0.06614361235579044,0.3201356623819293,0.043829517802485986,-1.0374459217413048,-1.0398801865163165,-1.0312741561873187,-0.580919265946842,0.30831304216959343,0.0174225222972858,-0.29885725945567104,-0.5831056753286844,-0.511863967675067,-0.420274028047734
2018,2,1.34,25.97,0.04,0.43,-0.78,-0.329,1.2895853754934188,1.1256971428595361,0.6982659300067718,-0.14215250110959474,-1.4898307176966596,-1.0527326189198685,-1.4504649113446069,-1.405222600714157,-1.2887892776302083,-0.34464099257415665,0.0947528265331296,0.6218007422015854,1.5360932633751747,1.4873800507744102,1.2995173706622516,0.4538677626300335,0.4625719220468381,-0.47233293727776854,-0.06535211732608041,-1.578765626200799,-0.8173666148836176,-1.0398801865163165,-1.0422798586050408,-1.031814361357224,-0.14120271745381804,-0.33074588134486876,0.016731539651267745,-0.299950562102441,-0.5837763461268703,-0.28444319194119766
2018,3,-1.38,26.48,0.109,-0.81,-0.8,-0.778,-1.3474495663035841,1.2904167725810116,1.1241275646897781,0.6993788999198484,-0.4440686386368032,-0.5516379114696572,-1.0570251662311563,-1.4544387963968566,-1.4068790163059752,-0.7471554920959211,0.422610020306448,0.09834302141928852,0.6259683003566395,1.5447236749489803,1.4959942089322114,-0.8078410755097859,0.4524057583584545,0.4619025100427811,-0.47112872754503804,0.4799019627533688,-0.8393745455693864,-0.819781322385056,-1.0422798586050408,-1.0428118027086968,-0.4372252908643573,-0.7567066803512104,-0.3310795392443675,0.0154027914237766,-0.30085790984938104,0.04287139228774769
2018,4,1.2,27.31,0.041,0.32,-0.51,-0.53,1.1538556358421024,-1.3450973029625923,1.2886650144536669,1.1249809877968078,0.6791572981311909,0.263869161439506,-0.5553894912115037,-1.0607092309352675,-1.4560830740875466,-0.8845994675423778,0.09950438006607625,0.42669377354636573,0.10181256249256168,0.6320043235037408,1.8937400034787146,0.3419419786015011,-0.8081985390011185,0.45174777691973167,0.4621574759585645,0.31764244835304034,-0.5202595506257398,-0.841791208798182,-0.8221658102505994,-1.0428118027086968,-0.5797546780620243,-0.5214321187619616,-0.7566031752774471,-0.3321488024024151,0.014231853630230704,-0.5117711884806092
2018,5,2.02,27.73,-0.023,1.69,-0.2,-0.431,1.9488441109426695,1.1547653128103847,-1.3439341817685528,1.289418158112906,-0.14389619001777032,0.6765353911043863,0.2609979798989073,-0.5587040349717383,-1.0624506118349828,-1.2871139670641425,-0.20459504604250894,0.10310172797185486,0.4306011616982105,0.106354435236849,1.5007863269387958,1.735926743320495,0.3405779577862343,-0.8074391303384006,0.45201306070309055,-0.06772389834773984,-0.1791366249963247,-0.5226478558078543,-0.8441772150860436,-0.822862975679242,-1.0292704376854358,-0.4275120316759307,-0.5215700756422494,-0.7573549757756035,-0.3330292370515036,-0.5834596853146146
2018,6,1.41,27.77,-0.034,-0.77,0.04,-0.769,1.3574502453190769,1.9492952914669122,1.1531635852363467,-1.3415765669446629,0.6985232625582253,0.7158369367867549,0.6741097122680334,0.25828481336106013,-0.5605692224629608,-1.404923088875388,-0.25686213490492205,-0.20145549139239063,0.10657761465496239,0.4360802742406265,1.5582917430178085,-0.7671407904085014,1.7333423830947947,0.3400457125661877,-0.8058944309756781,-0.473372684348561,0.08495854323289996,-0.1814946164044006,-0.5250118449721036,-0.8448578583821876,-1.040234236700641,-0.7481684906161167,-0.42774637861045683,-0.5224972229993213,-0.7578799992207099,-0.3014220464545147
2018,7,1.42,27.42,-0.005,2.27,0.12,-0.191,1.3671452267227424,1.3582425024663247,1.9468148135092216,1.153999311970237,1.1245744799529815,0.37194841206602475,0.7134536867793777,0.6717008570957317,0.25621813671111016,-1.4540102229634086,-0.11906708244946937,-0.2538012634706203,-0.1983857237386829,0.11113307058472983,0.6429972037601916,2.32608087728912,-0.7675338842475838,1.7312441504239626,0.34042449289287724,0.4596195234533278,0.17299026597597483,0.08262402055311201,-0.18383507002271954,-0.5259320591894783,-1.040234236700641,-0.1998269720734319,-0.7480737482745569,-0.4287435233023376,-0.5232185537464045,0.012686762041850708
2018,8,2.4,26.94,0.09,-1.05,0.09,-0.08,2.317253404281957,1.3679318924499408,1.3564157290623269,1.9471668393772985,1.289185177582774,-0.0996701361224084,0.36919390980510947,0.7110738136418899,0.6695322220763053,-1.0613131502592497,0.33233050318046176,-0.1157987734461966,-0.2508012975250907,-0.19469959167964357,0.11586422303590993,-1.0520427861174928,2.3229798770210466,-0.7668201978462027,1.7302093828928071,0.4494783038033072,0.13997836994732174,0.1706635662056162,0.08030178800261013,-0.18501137729382358,-0.8209582563965377,-0.09452263200727613,-0.20029499186671718,-0.7488319121667868,-0.42954321865787115,-0.33349321609078025
2018,9,1.78,27.19,0.139,-0.74,0.47,-0.199,1.7161645572546986,2.317492110844327,1.3660944025778499,1.3571275811842405,-1.3445859844939017,0.14596452439240032,-0.1029337843310332,0.3665604438630004,0.7088954683015609,-0.5606243825614438,0.5651566262948474,0.3362783490476053,-0.11261478481547017,-0.24726458050633274,0.4465203654902321,-0.736615576582538,-1.0521864675223263,2.3202186715608315,-0.7653167699537823,-0.8080329327992387,0.5581290529769274,0.13764873658592713,0.16834740734438666,0.07892721514152201,-0.8428858544269481,-0.20741647406018185,-0.0950987254977376,-0.20146182706722587,-0.7493640596672069,-0.7570213092285222
2018,10,1.53,27.62,0.121,-1.11,0.9,-0.527,1.4737900221630624,1.7167499318601238,2.3146044070990905,1.3668003559087167,1.1536234265935332,0.5684561404778711,0.14296605636487422,-0.10591503469090846,0.36446706383056854,0.25422204329968734,0.4796286627018077,0.5694549701233558,0.34006517061259706,-0.10868415541778854,0.12065634104249431,-1.1130932137694196,-0.7370353931824328,-1.0511527252915875,2.3185854677102955,0.33792488765308143,1.031299562720955,0.5558365784353221,0.13533030009122046,0.16690674595330385,-0.5249356829859986,-0.5185860555169303,-0.20787670475817518,-0.09634404255848669,-0.20245149723112393,-0.5230904248228206
2018,11,-0.25,27.61,-0.143,1.89,0.9,-0.671,-0.25191666768938814,1.4745151822697191,1.714526649136673,2.3147322789074,1.9476279681019428,0.5586307540572771,0.5659137823618346,0.14016594372258553,-0.10789189087251005,0.6665539696390574,-0.7747814699961061,0.48379825217716166,0.5735527265702318,0.3452862026308907,-0.186039211378906,1.9394281688269175,-1.113183449652628,-0.7363559984770544,-1.0493603971070526,1.727271979705894,1.031299562720955,1.029049136317532,0.5535469919646591,0.13391442189888567,-0.18505791351463868,-0.6551970912784296,-0.5187269333079527,-0.20903788360839629,-0.09742157607125336,-0.42970672499957685
2018,12,0.48,27.49,-0.083,1.35,0.89,-0.328,0.45581697477818983,-0.250196234813963,1.4725598112486014,1.7150202459898658,1.3569660530773942,0.440726117010168,0.5560777887339968,0.5634252265937949,0.13812839803534316,0.7058236769094726,-0.4896882580193076,-0.7725002777003509,0.48778178764701896,0.5794393346770517,-0.23875250945133417,1.3899743199595769,1.9366656568624676,-1.1120811240298842,-0.7348835241873605,-0.7674680541991565,1.0202955973780705,1.029049136317532,1.0267921959267081,0.5518171932548495,0.07807326285028512,-0.329797193596525,-0.6551977653541966,-0.5196562017963824,-0.2100212212786822,-0.7485318819718637
2019,1,0.18,27.19,-0.037,-0.09,0.65,-0.382,0.1649675326682263,0.4571292339900189,-0.2502440745144691,1.4732008778779568,1.3666490352909113,0.14596452439240032,0.4380458651999603,0.5535819874572536,0.5612832949568504,0.36221373829333436,-0.27111679550376194,-0.48697788454637075,-0.7701919832267677,0.49342389841519657,-0.09978108726038716,-0.07523594368666496,1.3876928176897507,1.9343388128849517,-1.1102268886398965,2.315462719407085,0.7562004291488459,1.0180441931109692,1.0267921959267081,1.024707171368177,0.16578365497192638,-0.38102633200708724,-0.33013182513293526,-0.6560252195374495,-0.5203799072285701,-0.20332199815534951
2019,2,-0.11,27.46,0.058,-0.4,0.71,-0.497,-0.11618692803807179,0.16644753448153318,0.4562990921187002,-0.24855302307883462,2.315581292215596,0.4112499577483933,0.14296605636487422,0.4354631178187755,0.5514424834005347,-0.10902274895165849,0.18028079012616918,-0.2680773831283193,-0.4842888534827254,-0.7681358334253435,0.3554701233651289,-0.3906631532216199,-0.07623475343749547,1.3859832242402814,1.9330976880022859,-1.0514222043997314,0.822224221206152,0.7539255561534565,1.015786493508986,1.024707171368177,0.1328922579263109,-0.49012542306661794,-0.38130838715027665,-0.33120179533476884,-0.6566349400846184,-0.0986190619898944
2019,3,0.89,28.09,0.099,-0.93,0.81,-0.314,0.8533112123284734,-0.11454477504333632,0.1659388866530142,0.4575595318079394,1.7152363949775304,1.0302493022457102,0.4085378843164538,0.14016594372258553,0.4333527447247642,0.13641292148844175,0.3750944849769816,0.18399973936548258,-0.2650964540122928,-0.48141771255249366,0.5902839056877636,-0.9299419308136394,-0.39138582777738873,-0.07629834547883989,1.3852992642066932,-0.7370443952490949,0.9322638746349957,0.8199552153928346,0.7516496354836564,1.0137097300167044,0.549516620504107,-0.31651556511971257,-0.4902955099649853,-0.382340176987669,-0.3320830215455588,-0.21086815571682377
2019,4,0.36,28.44,0.101,2.09,0.62,0.196,0.33947719793420444,0.8543942233182827,-0.11474264529714893,0.16737629007364868,1.4731618396396007,1.374137826966444,1.0282054828701395,0.4059334004091586,0.13812839803534316,0.5585622746454139,0.3845975920428749,0.37910670802070234,0.18758350141577443,-0.26160048654997525,0.5040257815692447,2.14292959433334,-0.9301925032617223,-0.391095072293373,-0.07549653258155435,-1.1122695222998547,0.7231885331201928,0.9300046474584649,0.8176838499899887,0.7497711375813587,1.0209599781579288,0.16731518653559754,-0.3168638275728838,-0.4912459897669934,-0.3831786588665769,-0.5202606157372678
2019,5,-2.38,28.48,0.065,-0.11,0.55,0.326,-2.3169477066701294,0.34085655418662464,0.8531247062551378,-0.11313417693616563,-0.2504089943664594,1.4134393726488124,1.3724652598444114,1.0260574660111625,0.4038303100558242,0.5487448478278083,0.2135416648567957,0.388624121125835,0.38295064007420343,0.19236987149870402,-0.7610933721690315,-0.09558608623730722,2.1399889306301407,-0.929295927814994,-0.38997340550124654,1.9300963727063045,0.6461607757200023,0.7209107265337674,0.9277408741672095,0.815755785690195,1.0209599781579288,0.29064459382028446,0.16647036925756306,-0.31794369638772063,-0.49199344205022666,-0.6560914518438042
2019,6,-0.79,28.18,0.151,-0.16,0.45,-0.003,-0.7754456634873226,-2.3140363013242116,0.3401550099324258,0.8541432955114701,0.45644870722029546,1.1186777800310412,1.4118092343557556,1.3705708357900555,1.0238014381036133,0.4309357260165592,0.6221752686902071,0.21731068523344693,0.3924807443990049,0.3882939207618183,-0.47356629177396875,-0.14646144261391283,-0.09656708081426278,2.137433475345941,-0.9276274140413654,1.382470511605196,0.5361211222911587,0.6438761240878264,0.7186325282304901,0.9257301992049225,1.0099961791427237,-0.021473675384807756,0.2896732037437554,0.16502990811189186,-0.31883600446233185,-0.332549946395596
2019,7,-1.39,27.64,0.329,-0.69,0.35,0.341,-1.3571445477072497,-0.7734232939292374,-2.31180153332084,0.3414862351142231,0.16595924081477978,0.5881069133190553,1.1167294255206661,1.4099437923362137,1.3682298425746091,0.13641292148844175,1.4679517975547096,0.6265594487541517,0.22093886655257938,0.39785119145757997,-0.2531288634710873,-0.6857402202059324,-0.14739789925618105,-0.09660781172493879,2.1359859931117646,-0.07786511799776037,0.4260814688623151,0.533826692022196,0.6415926113064356,0.7167788135269405,0.7468650027777999,0.30487491004544065,-0.022124738917454447,0.28814082690591075,0.16373390356950596,-0.3834865099355471
2019,8,-1.62,26.9,0.315,-2.09,0.04,0.048,-1.5801291199915553,-1.3547866929462085,-0.772892444352704,-2.3088540393922985,-0.11484724337721873,-0.13897168180478045,0.5855857696175069,1.11464661824002,1.4075930887998649,0.4014834455637496,1.4014300480934565,1.4736092151109597,0.6307333525190403,0.22582031893386986,0.20212234715442876,-2.1102501987508893,-0.6862045747405146,-0.14738147734018606,-0.09578536309250224,-0.3922429271483968,0.08495854323289996,0.42377725995656573,0.5315355871292149,0.6397967240666315,0.8126477968690308,0.026909399780723254,0.3038889154152391,-0.02342449834972166,0.2867419193423274,-0.49196252488173936
2019,9,-0.01,26.75,0.223,-0.52,0.03,-0.074,-0.019237114001417272,-1.5776426625693811,-1.3536128552840758,-0.7708828582005579,0.8534509779745003,-0.28635247811366427,-0.14227775884238103,0.583111704866874,1.1123687421104402,1.019981335072801,0.9642871230623654,1.4069873233750307,1.4789126374263661,0.6367829588516216,0.3985991854243884,-0.5127640085254733,-2.1094674911142257,-0.685582332861807,-0.14650743936987196,-0.929727568599485,0.07395457789001558,0.08262402055311201,0.42147856295199426,0.5298223105519041,0.9222857870210824,-0.08883050551721366,0.02620868076559023,0.30234593292060524,-0.02456298211350528,-0.319344170663016
2019,10,-1.03,27.2,0.136,0.16,0.48,-1.006,-1.0081252171752935,-0.01765087520717441,-1.5762223461411018,-1.3512493416691393,0.3402529206580892,0.1557899108129907,-0.2898176632599241,-0.14528799123707015,0.5809649180694783,1.3635912736889428,0.5509019656960075,0.969186320538928,1.4122019071527563,1.4873800507744102,0.40818342143755715,0.17914083819636312,-0.5133797920379926,-2.1072449700887304,-0.6841614479099908,2.1329207657067153,0.5691330183198118,0.07161907734654899,0.08030178800261013,0.4198478970371767,0.7139736057321844,-0.9730074869735843,-0.0894124408291441,0.02487286210023959,0.3009351519314991,0.16172337388096705
2019,11,0.16,27.22,0.087,1.45,0.52,-0.505,0.14557756986089543,-1.0059686535360257,-0.017955910141920262,-1.5737231603320958,-2.3128842058456205,0.17544068365417498,0.15280204999270855,-0.2929365782851652,-0.14725513709776922,1.4028609809593582,0.3180758425816218,0.5551788504656567,0.9738171082118913,1.4204791559040784,0.23566717320051944,1.491725032712788,0.17791933877209587,-0.5129518697699664,-2.104379583676342,-0.09814755729780143,0.6131488796913492,0.5668415216418851,0.06929608558488806,0.07892721514152201,0.6372270126257483,-0.4977149250533679,-0.9726819926839999,-0.09066200015260889,0.023694008689678504,0.2843484342549235
2019,12,1.02,27.12,0.142,0.84,0.52,-0.158,0.9793459705761243,0.14706875451430085,-1.0051806087252526,-0.016406429691402075,-0.7732900338963877,0.0771868194482536,0.17247403724838073,0.15000918285912332,-0.29486731044247977,1.1083381764312372,0.5794112868936871,0.32200222938990625,0.5592575700830297,0.9808447038990417,0.647789321766776,0.8710456849181994,1.489354454573587,0.17756998259739645,-0.5117063885669338,-0.14885365554790408,0.6131488796913492,0.6108612944681372,0.5645526943823811,0.06792977379004927,0.5275890224736967,-0.16852027637808828,-0.49787722285644326,-0.9732725871989595,-0.09174428303558467,-0.02598729546070479
2020,1,1.05,27.15,0.073,-0.55,0.6,-1.069,1.0084309147871207,0.9803562931052934,0.1465815396219685,-1.0030294515879905,-1.3542689667074188,0.10666297871002828,0.07411410097001986,0.16969566113220244,0.14796920959165533,0.5781971282806214,0.2515540931203688,0.5837310897810547,0.3257700141253949,0.5651034286334091,1.5007863269387958,-0.5432892223514367,0.8692184695821842,1.4875305554707758,0.17811384880529416,-0.6863382969989922,0.701180602434424,0.6108612944681372,0.6085755040532694,0.5628146346063222,0.417951032321645,-1.0327748151192402,-0.169020426189453,-0.49882204630816385,-0.9736171345761196,0.29849747968268775
2020,2,0.98,27.12,0.333,-2.69,0.37,-1.178,0.9405660449614625,1.009424463056142,0.9789474619569352,0.14803074062469598,-1.5769775576183145,0.0771868194482536,0.10362208185352637,0.07126326976680693,0.16765083270428316,-0.14829245622207718,1.4869580116864962,0.2553803376539776,0.5878478830574339,0.3309502965872482,1.4336966748466144,-2.720754475270157,-0.5438782831031436,0.8680918349647592,1.4867434167614324,-2.106109048001866,0.44808939954808386,0.6989008401206414,0.6085755040532694,0.6068044000122131,0.07807326285028512,-1.1361817796887084,-1.0323879817042316,-0.170210593834898,-0.49956316609778495,0.022119458993693514
2020,3,0.66,27.76,0.346,-0.88,0.48,-1.645,0.630326640044168,0.9415987331708284,1.007983482503504,0.9798893669296626,-0.018017421242046826,0.7060115503661645,0.07411410097001986,0.10079298717642383,0.06924271714114398,-0.2955538584861359,1.5487282076148023,1.492644041321225,0.259059283851785,0.5937752407206941,0.9928218182408514,-0.8790665744370337,-2.719437312417245,-0.5434160691391148,0.8679340861775221,-0.5139375629486432,0.5691330183198118,0.4457871463696918,0.696621123395046,0.6068044000122131,0.06710946383507996,-1.5792189581652376,-1.1356888198503465,-1.0329340324606764,-0.1712263855349462,-0.0929594438187887
2020,4,-1.26,28.18,0.347,-1.52,0.36,-1.375,-1.2311097894595988,0.6315382536951104,0.9402327678948436,1.0089076911030916,-1.0056816070208001,1.1186777800310412,0.7036176931515434,0.07126326976680693,0.09876515181008398,0.1462303483060438,1.553479761147749,1.5545072265045872,1.4979728460759691,0.2640494017169165,0.5759075516680104,-1.5302711360575856,-0.879361684819804,-2.7165289574716973,-0.5421396343333557,0.1756653732527529,0.43708543420519946,0.5668415216418851,0.4434899677874384,0.694783930823995,0.5604804195193122,-1.3230732661124263,-1.5782713098892067,-1.1361578028341228,-1.0332287114506407,-0.9720867997305382
2020,5,-0.33,27.66,0.243,-2.37,-0.27,-0.614,-0.3294765189187117,-1.2288246231591982,0.6305152153981118,0.9411982680317572,0.1465932763877454,0.6077576861602396,1.1167294255206661,0.7012305745053521,0.06924271714114398,0.1658652019412514,1.059318193721298,1.5592659330571534,1.559918524187178,1.5064945921659336,0.3410937693453758,-2.395152194459881,-1.5299961608763577,-0.8785222621997467,-2.7130444990047793,1.4838827081054013,-0.25616438239651523,0.43478220316312877,0.5645526943823811,0.44184277974012215,0.6043356155801328,-0.6011218896228361,-1.3223884998024997,-1.5784101034249447,-1.1363662015986218,-0.4995086824432136
2020,6,0.16,27.39,0.249,0.58,-0.34,-0.987,0.14557756986089543,-0.32771135468289253,-1.2277900995822786,0.6316694768485138,0.9793297467502239,0.3424722528042466,0.6052577568731791,1.11464661824002,0.6990546567452487,0.0676909337652134,1.087827514918978,1.0643604515902547,1.5646835763495788,1.5686168516883843,0.6046602597075166,0.6064938317598503,-2.3941200743889683,-1.5284251820749117,-0.8769053377639957,0.8652683094541489,-0.33319213979670576,-0.25852921885034175,0.43248426536971635,0.5628146346063222,0.6043356155801328,-0.954982419755053,-0.6011780610025583,-1.3227181951604439,-1.5782488428748342,-0.17219409821426826
2020,7,-1.19,26.99,0.341,-2.29,-0.3,-0.994,-1.1632449196339407,0.14706875451430085,-0.32767346263865205,-1.2255032702509467,1.0083786933907755,-0.05054320401944944,0.33968592892159943,0.6027981831399531,1.1123687421104402,0.09714321421802305,1.5249704399500694,1.0929126909056526,1.0691181514599053,1.573395487036265,0.27400411725319446,-2.313751624257312,0.6048982136842093,-2.391577497534115,-1.526147914114328,-0.5443612218987048,-0.28917627842516824,-0.3355638212962829,-0.260874986946774,0.4308453383886494,0.692046007701774,-0.9616232339934594,-0.9546754245667871,-0.6020458166816104,-1.3227706562697434,-1.031512790527148
2020,8,0.03,26.26,0.425,-1.56,-0.59,-1.322,0.01954281161324454,-1.1609988932738848,0.1465815396219685,-0.3259352208746455,0.9405978178961549,-0.7677964127226878,-0.053753816191854514,0.33703072645338,0.600646541182106,0.0676909337652134,1.9241009367175872,1.5307136937417556,1.0977084644343096,1.0764174108566584,1.5199547989651334,-1.5709714211588701,-2.3127907648818993,0.6040687737654734,-2.388423210829613,-2.714582227003098,-0.6082912733688147,-0.2915440484700308,-0.3379149038708285,-0.2619934667541327,0.4398786303520553,-1.272792815450208,-0.9613094233468129,-0.9552794529136799,-0.602700656245766,-1.1343291873022343
2020,9,1.11,25.89,0.296,-0.47,-0.83,-1.139,1.0666008032091134,0.021106684727290353,-1.1600393849736184,0.14803074062469598,0.630742387063605,-1.1313357102846058,-0.7717813510239011,-0.05669883900821246,0.33494462916162504,0.6960062500918706,1.3111505309674703,1.9304450441573278,1.5360932633751747,1.1050892229439433,1.58225233305073,-0.46188865214886765,-1.5706608156298925,-2.3103396325497196,0.6041792895351996,-0.8790214703493823,-0.8723864415980394,-0.6106874014603585,-0.2938920941999402,-0.33897555621444186,0.5604804195193122,-1.0991829575033025,-1.2721596518965905,-0.9619085023872039,-0.9556390399631689,-1.5748361349532936
2020,10,-0.2,25.46,0.289,1.45,-1.26,-0.751,-0.20344176067106087,1.0675608029578392,0.02075878392017121,-1.1577938471796123,-1.2283901979316956,-1.5538273263700764,-1.135713115253845,-0.7752552959756118,-0.058687833090942214,1.1083381764312372,1.2778896562368436,1.3165718988762705,1.936357645016834,1.5447236749489803,1.5870444510573145,1.491725032712788,-0.4625489735960742,-1.5690441145671097,-2.307267888785821,-1.5280595279506963,-1.3455569513420669,-0.8748060384178711,-0.6130574643138801,-0.29498579080855086,0.42891483133685016,-0.7310921111459292,-1.098727969504489,-1.27252682057519,-0.9622625485047823,-1.3201533172535378
2020,11,2.54,25.28,0.113,-0.11,-1.42,-1.768,2.452983143933273,-0.20174928489588206,1.0660555235966411,0.022284669206503353,-0.32787285207459693,-1.7306842819407384,-1.5586608412508054,-1.139455144027584,-0.7770670767018705,0.5978319819158291,0.4416162344382346,1.2832609530083061,1.3216659160671427,1.9461290441709702,1.0886641783725388,-0.09558608623730722,1.489354454573587,-0.4621782041547191,-1.5667255751362237,-2.390063198202441,-1.5216203968282165,-1.3480185963000813,-0.8771943223392097,-0.6139115900012602,-0.2618045066210748,-1.6959075512115183,-0.7310148942687764,-1.0992245271959173,-1.2726212344546701,-0.6023250792183001
2020,12,-0.37,25.44,0.163,2.33,-1.15,-1.236,-0.3682564445333736,2.4531435706149542,-0.20185070693685475,1.0669443394499498,0.1465932763877454,-1.5734780992112607,-1.7357087265518585,-1.5627144268987934,-1.1411771042854941,0.33276145784052125,0.6791939110855668,0.4457285997566311,1.2883105509303376,1.3296850842943424,1.1174168864120453,2.387131304941047,-0.09656708081426278,1.4875305554707758,-0.4609843122895641,0.6015965985536151,-1.2245133325703388,-1.5240976876050893,-1.3504395263012587,-0.8778501824366057,-0.3385510997275109,-1.1912056690926458,-1.6948401455953734,-0.7317857849491534,-1.0994637968667753,-0.9541646755220368
2021,1,-1.8,25.55,0.126,0.31,-1.0,-0.75,-1.7546387852575334,-0.36646891461735726,2.450105836316411,-0.2001891494564529,-1.160609322437075,-1.4653988485847453,-1.5783328285064777,-1.7398927313565087,-1.5643320012070014,-0.05993561486364123,0.503386430366541,0.6836639273849479,0.44966137034781334,1.2962346368591766,1.5582917430178085,0.33176690732617997,2.3839768591513484,-0.09660781172493879,1.4867434167614324,-2.308933441002277,-1.0594538524270736,-1.2269642210278877,-1.5265307649848119,-1.3507401605499332,-0.29469590366669024,-0.7301434233975855,-1.1906562383134172,-1.6948919727454395,-0.7323321805602009,-0.9607675633883269
2021,2,-0.29,25.75,0.139,0.31,-1.0,-1.111,-0.2906965933040499,-1.7520516822744725,-0.3663881567007435,2.450151125050069,0.020714507612021933,-1.2688911201728992,-1.470136898600279,-1.5824009051718724,-1.7414666092206554,-0.7766077725487308,0.5651566262948474,0.5075917849399934,0.6879139784678489,0.45519481563214986,1.9608296555708962,0.33176690732617997,0.33041179409785065,2.381147070299128,-0.09578536309250224,-1.5686244065507784,-1.0594538524270736,-1.0618900729294425,-1.229376799706316,-1.526699222173497,-0.6126460751076397,-1.0726197005496776,-0.7300671801573442,-1.1910842127576082,-1.6946333501060422,-1.2701600234087709
2021,3,0.36,26.48,0.112,-0.93,-0.8,-1.601,0.33947719793420444,-0.28895379474842775,-1.7504384694205135,-0.3646263197725509,1.0664765866718786,-0.5516379114696572,-1.2734170260435538,-1.4741252746699356,-1.5840136243196292,-1.1398525648000801,0.43686468090528796,0.5694549701233558,0.5116070484590225,0.6941265830261917,1.342646432721511,-0.9299419308136394,0.33041179409785065,0.3298909794431382,2.3794519592431396,-0.4632314646985405,-0.8393745455693864,-1.0618900729294425,-1.0642912634404849,-1.2297683056837332,-0.8757772514725635,-1.5374766972381126,-1.072191974384386,-0.7308387778815071,-1.1912467009434191,-1.0975416691900475
2021,4,-1.69,27.1,0.054,-1.16,-0.72,-1.469,-1.6479939898172133,0.34085655418662464,-0.28895876857656055,-1.7478331053726701,-0.20199408329887344,0.057536046607069326,-0.5553894912115037,-1.277260491939141,-1.4757646972001746,-1.5620019179570523,0.1612745759943826,0.44096989320406477,0.5735527265702318,0.5173170751546008,1.3091016066754204,-1.163968570146025,-0.9301925032617223,0.3298909794431382,0.33028007763740325,1.4838827081054013,-0.7513428228263114,-0.841791208798182,-1.0642912634404849,-1.0648066854116423,-1.3472206091263854,-1.4122499144567384,-1.536571888986188,-1.072708329301821,-0.731385965054256,-0.7315530274585466
2021,5,-1.1,27.47,0.072,-1.06,-0.46,-1.725,-1.0759900870009518,-1.6454683924546942,0.3401550099324258,-0.28724412197674004,2.4511430432048367,0.4210753441689837,0.054442113714347685,-0.5587040349717383,-1.2789484660738926,-1.7387156006739242,0.24680253958742215,0.16496491315521722,0.44489631818541264,0.5794393346770517,0.46568883751656964,-1.0622178573928138,-1.1640142680945462,-0.929295927814994,0.33028007763740325,-0.09814755729780143,-0.46523972391131807,-0.7537516631456778,-0.8441772150860436,-1.0648066854116423,-1.5226413933696679,-1.6551139780327373,-1.411473626277131,-1.5367417924485074,-1.0729697627003216,-1.69085830746096
2021,6,1.08,27.45,0.139,-0.11,-0.28,-1.754,1.037515858998117,-1.0737943834213393,-1.6439730607497618,0.3414862351142231,-0.36660478092866566,0.4014245713277994,0.41837387794428815,0.05157679149372783,-0.5605692224629608,-1.58163677159226,0.5651566262948474,0.2506216311014112,0.1685232927661716,0.45041618028426905,0.7052947378457886,-0.09558608623730722,-1.0623526312107099,-1.1628547896451313,-0.9276274140413654,2.376310037307208,-0.2671683477393996,-0.4676231397750392,-0.756131595744267,-0.8448578583821876,-1.2266188199591286,-1.6826259227347058,-1.6540884388037869,-1.4117368595191961,-1.5366153606132638,-1.1890388296229228
2021,7,0.06,26.9,0.21,1.48,-0.39,-1.674,0.04862775582424089,1.0384926330069906,-1.0729313233339128,-1.64143258340343,-1.7512712374616237,-0.13897168180478045,0.39870189068861595,0.41577663954569644,0.04956109402851614,-1.4736450765986164,0.9025169271340591,0.5694549701233558,0.2542942316893843,0.17325533010718067,0.5279863716021665,1.5222502465387515,-0.09656708081426278,-1.061307458414637,-1.160948964917266,0.32778366800306086,-0.38821196651112755,-0.2695341620569048,-0.46998333288349337,-0.7568783275704056,-1.0621618347310513,-1.606730902867206,-1.6815721480353218,-1.6541706688366486,-1.411714913828553,-0.7306097577633623
2021,8,-0.49,26.32,0.245,-1.4,-0.53,-0.895,-0.484596221377359,0.050174854678138925,1.0370195030500724,-1.0707388746593252,-0.28914092322052815,-0.708844094199135,-0.14227775884238103,0.3960901612726173,0.41367112161213637,-1.2772965402465368,1.0688213007871914,0.9073231353555655,0.5735527265702318,0.2592707663690357,0.5902839056877636,-1.408170280753732,1.519852945638738,-0.09660781172493879,-1.0595048123625266,0.32778366800306086,-0.5422674813115086,-0.39058853732909804,-0.2718806893644961,-0.47094485243211465,-1.0621618347310513,-0.8677031469074286,-1.605755019120742,-1.6816338737983911,-1.6539460833504167,-1.0711301177248878
2021,9,-0.06,26.17,0.402,-0.14,-0.55,-1.857,-0.06771202101974454,-0.48274159442075154,0.04979480446673981,1.0379260152765208,0.3402529206580892,-0.8562248905080188,-0.7127653892568846,-0.14528799123707015,0.39398949849950854,-0.5606243825614438,1.8148152054598146,1.0738778646953873,0.9118714301006821,0.5794393346770517,0.4608967195099853,-0.1261113000632706,-1.4080021966157539,1.5179947548399242,-0.09578536309250224,-0.929727568599485,-0.5642754119972774,-0.5446577422209804,-0.39294341595943877,-0.27299090810560545,-0.8428858544269481,-1.7803407608141115,-0.8674857263150202,-1.6058733083866872,-1.6813863330228151,-1.533332268365185
2021,10,-1.98,25.77,0.475,-0.18,-0.94,-2.805,-1.9291484505235115,-0.06609782512525536,-0.4825322388870179,0.051302993379932424,-1.6447584331129346,-1.2492403473317149,-0.8603052936744277,-0.7161958611563746,-0.14725513709776922,0.0480560801300058,2.1616786133649195,1.8209947934483022,1.0786482557847066,0.9187224443765908,0.18295387512809122,-0.16681158516455508,-0.12706557187941375,-1.4065683845983181,1.5171766625278542,-1.162975620549957,-0.9934300603697673,-0.5666676286341065,-0.5470232498075478,-0.3939627629718055,-0.7551754623053067,-2.679696746243982,-1.7791867015128435,-0.8681548026902205,-1.6056890925472327,-1.4088206686008602
2021,11,-0.33,25.76,0.445,-0.77,-0.94,-2.521,-0.3294765189187117,-1.9264607019795639,-0.0663492777195346,-0.4806996164662672,-1.0734624825154204,-1.2590657337523052,-1.2537450387878815,-0.8638444482044695,-0.718022207363987,0.41130087238135166,2.01913200737652,2.1683803717856445,1.8267614452816179,1.08597468155242,0.26921199924661005,-0.7671407904085014,-0.16773022663294834,-0.1270720110940872,-1.4044149310486405,-1.061563424049752,-0.9934300603697673,-0.9958604136900643,-0.569034654642992,-0.5479269418924237,-0.4701166879099728,-2.4102694257143584,-2.6776196791506153,-1.77917560176596,-0.8685872134162492,-1.650297710568036
2021,12,0.18,25.54,0.252,0.32,-1.06,-2.537,0.1649675326682263,-0.32771135468289253,-1.924654592699925,-0.06477030331378386,1.0374276400313271,-1.4752242350053393,-1.263581032415716,-1.257574013666062,-0.8656343807086975,0.39166601874614404,1.102082175517818,2.0256191752086545,2.174610253136869,1.836220431169711,0.5902839056877636,0.3419419786015011,-0.7675338842475838,-0.16769094358628497,-0.12621860885892408,-0.09814755729780143,-1.1254776444843797,-0.9958604136900643,-0.9982570489341525,-0.5699218245953692,-0.27276830563627996,-2.4254484296878585,-2.4084688715038562,-2.6769383018946518,-1.7788465301351275,-1.6776525317283801
2022,1,0.74,25.6,0.176,-0.93,-0.94,-2.203,0.7078864912734916,0.16644753448153318,-0.32767346263865205,-1.9219430504132444,0.0497634542525735,-1.416271916481783,-1.4799728922281168,-1.2674172528025998,-1.2592668429612648,-0.14829245622207718,0.740964107013873,1.1071888105633516,2.0316586882648484,2.1850608115650116,0.9305242841552543,-0.9299419308136394,0.3405779577862343,-0.7668201978462027,-0.16679626988081983,1.5143063670554628,-0.9934300603697673,-1.1279197321688208,-0.9982570489341525,-0.9988220373028057,-0.3933700948035367,-2.108586721741047,-2.423632297286772,-2.407988294683103,-2.6758588297707795,-1.6021909561136376
2022,2,1.46,25.86,0.133,-2.07,-0.89,-1.815,1.4059251523374041,0.7090533735640399,0.1659388866530142,-0.3259352208746455,-0.48280056749087197,-1.1608118695463838,-1.4209569304610967,-1.4839685138064769,-1.269107654517577,-0.717703211643108,0.5366473050971675,0.7455271125683101,1.1120036209215116,2.041701751128587,1.0982484143857076,-2.089900056200247,-0.9301925032617223,0.3400457125661877,-0.7653167699537823,-1.40636489215045,-0.9384102336553456,-0.9958604136900643,-1.1303254779468175,-0.9988220373028057,-0.5468632810164089,-1.7404958753836741,-2.107095784068401,-2.4231404077654433,-2.407133626082462,-0.867383863565083
2022,3,0.4,26.31,0.009,0.96,-0.97,-1.573,0.37825712354886626,1.4066894523844058,0.7079446035222947,0.16737629007364868,-0.06643233230963277,-0.7186694806197289,-1.165221096137355,-1.424909078987236,-1.4856055087564901,-0.8649646139071668,-0.052545332988216356,0.5409027308079577,0.7498596565790578,1.1194251289875858,1.8506109414194556,0.993146540222053,-2.0891351637374584,-0.929295927814994,0.34042449289287724,-0.12857121624786305,-1.0264419563984204,-0.9408356976572493,-0.9982570489341525,-1.1307913335204787,-0.5687908790468191,-1.510913440284488,-1.739382708832689,-2.1068400471715796,-2.422273074177578,-1.774809310332361
2022,4,-0.54,26.7,0.11,-0.72,-1.11,-1.91,-0.5330711283956863,0.3796141141210894,1.4048090966399414,0.7090516746443247,-1.9255649173049332,-0.3354794102166267,-0.7226013828847224,-1.1689848614372043,-1.426560639418603,-1.2576616866113293,0.42736157383939466,-0.04917688171026789,0.5449624135958275,0.7562488425486424,2.200435555900115,-0.7162654340318958,0.991212433842788,-2.086935503842631,-0.9276274140413654,-0.16913609484794515,-1.1804974711988017,-1.0288752433097534,-0.9432285368455422,-0.9988220373028057,-0.9963790406398202,-1.83062121147633,-1.510035893866085,-1.7394013049248154,-2.1062370951920215,-2.6690289813670587
2022,5,0.71,26.82,0.197,-1.5,-1.11,-2.261,0.6788015470624953,-0.5311885443388326,0.3788697039945173,1.4054914548066222,-0.32787285207459693,-0.21757477316951754,-0.33899763139910627,-0.7260391002929159,-1.1706995389544377,-1.2674791134289314,0.8407467312057526,0.43145248009893206,-0.045904054541860265,0.5507675225897667,2.056672015702584,-1.5099209935069433,-0.7167030658056656,0.9899486324413527,-2.0840907531653947,-0.7674680541991565,-1.1804974711988017,-1.1829444482016358,-1.0312741561873187,-0.9438348305454421,-0.9963790406398202,-2.1636106111449847,-1.8294155494187525,-1.510225594554411,-1.7391054788854468,-2.401140387934723
2022,6,0.19,26.98,0.199,0.04,-0.75,-1.475,0.1746625140718918,0.6799852036131913,-0.5309256064646323,0.3801773340121286,0.16595924081477978,-0.06036859044003984,-0.22096570786506972,-0.34215277396786464,-0.7278630189203027,-1.4834625034162219,0.8502498382716459,0.8454599501722032,0.4353662138606112,-0.041783260547456874,1.1317932404317983,0.05703998289250963,-1.5096638334995904,-0.7160465322309554,0.9896670692432094,0.33792488765308143,-0.7843547188549645,-1.1829444482016358,-1.185353990035428,-1.031814361357224,-1.1279446288222823,-1.4179420409468009,-2.162063202531472,-1.8293669763512137,-1.5101213264468099,-2.4162327030576716
2022,7,-0.06,26.6,0.136,-0.54,-0.69,-2.268,-0.06771202101974454,0.1761369244651494,0.6789085829757261,-0.529063490088649,0.7082062447717424,-0.4337332744225481,-0.06358980981968886,-0.22403390432938655,-0.3440713682240511,-1.4245579425105956,0.5509019656960075,0.854977363277336,0.8499257519894727,0.4408589095885074,0.7675922719313855,-0.5331141510761156,0.055925374511492015,-1.5081157158288128,-0.7145946936764126,-0.929727568599485,-0.7183309267976583,-0.7867664927653669,-1.185353990035428,-1.1857785402778422,-0.9963790406398202,-2.1702514253833907,-1.4171599109457247,-2.161766457095065,-1.8289959519502008,-2.101180624866122
2022,8,1.76,25.88,0.358,0.99,-0.97,-1.834,1.6967745944473678,-0.06609782512525536,0.17561756016853708,0.6800333504708956,1.4053809641449801,-1.1411610967051995,-0.43735756767746714,-0.06654207814475026,-0.22598162954828058,-1.1693048452528934,1.6057468500101622,0.5551788504656567,0.8594558563142742,0.85660018485414,0.5615311976482573,1.0236717540480165,-0.5337121194147598,0.055713185120803005,-1.50585908360338,-2.085826608701825,-1.0264419563984204,-0.7207368335259887,-0.7891487029974332,-1.1857785402778422,-0.9415600455637945,-1.7585209426022055,-2.168697201311497,-1.4174189019250738,-2.161117594536819,-1.7351919831346212
2022,9,-1.42,25.65,0.662,0.5,-1.07,-1.678,-1.386229491918246,1.6973711518928916,-0.0663492777195346,0.17704906479812504,0.378984849512158,-1.367144984378824,-1.145549108881683,-0.44058516533326014,-0.06852864464725437,-0.7275206384607136,3.050219124025942,1.611611705135383,0.5592575700830297,0.8661574555499018,-0.03269143516820585,0.5250932615572813,1.021710924907939,-0.5332613360160653,0.05638086573960687,0.9869629452543953,-1.136481609827264,-1.0288752433097534,-0.7231144884911007,-0.7898706516248238,-1.0292704376854358,-1.610525653860581,-1.7573892769499018,-2.1683955065685887,-1.4173922068642215,-1.5069207169000252
2022,10,-0.27,25.73,0.483,-0.17,-0.99,-1.493,-0.2713066304967191,-1.383854862897057,1.6951693021056273,-0.06477030331378386,-0.531215478558458,-1.2885418930140833,-1.371776962321918,-1.1492983831641252,-0.44247948378719026,-0.34464099257415665,2.1996910416284927,3.0582584971155495,1.6170991501359866,0.5651034286334091,0.4513124834968165,-0.15663651388923397,0.5235689041771401,1.020412831810501,-0.5319952190778817,-0.7167619559490538,-1.0484498870841892,-1.1389246753753837,-1.0312741561873187,-0.7238860035159874,-1.1827636238983081,-1.4350184204169882,-1.6095458755664709,-1.757394439210095,-2.1677411030784324,-1.8248026041771277
2022,11,0.59,25.8,0.282,1.6,-0.9,-2.214,0.5624617702185098,-0.2695750147811954,-1.3826488758306443,1.695674696540913,0.6791572981311909,-1.2197641880699366,-1.2930890132992259,-1.37569288330454,-1.15101791584181,-0.2268318707629076,1.2446287815062171,2.206450024206175,3.0656750075058024,1.6259604758629542,0.8682267500696575,1.6443511018426051,-0.1575640629445647,0.5228309087810779,1.0201003150096313,-1.5077770886506552,-0.94941419899823,-1.0508851297228794,-1.1413311803645396,-1.031814361357224,-1.1827636238983081,-2.1190222869728284,-1.434218764951505,-1.6096613366572725,-1.7570835734983976,-2.1558902671868103
2022,12,-0.22,25.75,0.218,0.91,-0.85,-1.99,-0.22283172347839178,0.563712523809797,-0.26960142154551486,-1.3802676658425683,0.175642223028297,-1.2688911201728992,-1.2242370579043715,-1.2969469702122203,-1.3773565816370352,-0.06975304168124329,0.9405293553976323,1.2499500071403415,2.212730670436075,3.078665621618728,0.8778109860828263,0.9422711838454474,1.641846909899342,-0.15753621046323552,0.5230239674914081,0.05397073745250653,-0.8943943722838081,-0.9518406408638123,-1.053285561022763,-1.1417887748719513,-0.7880668593509222,-1.9065162313438295,-2.117520639294156,-1.4344650291427072,-1.6094739545710117,-1.414480286771966
2023,1,0.95,25.83,0.192,0.74,-0.72,-1.104,0.9114811007504661,-0.2211280648631144,0.5627645007894517,-0.26789857252778737,-0.06643233230963277,-1.190288028808162,-1.2734170260435538,-1.2280442962564415,-1.2986300891865203,-0.4428152607501947,0.8169889635410194,0.9453927877760963,1.2549551857935328,2.2232898943480586,0.5759075516680104,0.7692949721649882,0.9403816154008698,1.6398515523165178,-0.1566518546253459,-0.5342200022486843,-0.7513428228263114,-0.8968159248309971,-0.9542342392632643,-1.0538092440601694,-0.7222840652596912,-1.0659788863112714,-1.9052326783333327,-2.117257124915689,-1.4344240859712276,-2.1624931550530997
2023,2,0.6,26.29,,-0.71,-0.46,-1.479,0.5721567516221753,0.9125305632199798,-0.22120805396790047,0.5639600537771793,1.695870430550496,-0.7383202534609131,-1.194729077020865,-1.277260491939141,-1.2297444082923212,-1.1496699916176858,,0.8216664174093715,0.9499918473998877,1.2627841894240108,1.6397577491297426,-0.7060903627565747,0.7675568326983477,0.9391749668261055,1.6389096455935417,1.0173866042044568,-0.46523972391131807,-0.7537516631456778,-0.8992057271746539,-0.9548322718969149,-1.0292704376854358,-1.421736791940176,-1.0655579756043603,-1.9051275417629177,-2.116645465757414,-1.7531141073431225
2023,3,-1.57,27.17,,-2.07,-0.11,-2.004,-1.531654212973228,0.5734019137934132,0.9111967473482749,-0.21953469890540558,-1.3833179133479705,0.12631375155121605,-0.7422733701403945,-1.1985145788468248,-1.2789484660738926,-1.3754708084225784,,,0.8261004911774692,0.9569515271596375,3.0965616231313944,-2.089900056200247,-0.7065369021172819,0.7665445037342647,0.9389449929658398,0.5204668413534509,-0.08010093691036543,-0.4676231397750392,-0.756131595744267,-0.8998450651395512,-1.1389084278374875,-1.919797859820642,-1.4209507673914537,-1.066079279828297,-1.9046931924257833,-1.6059640348943747
2023,4,-0.83,27.96,,1.34,0.14,-2.553,-0.8142255891019844,-1.5291957126513,0.5724431743049746,0.9121799438583281,-0.2697749587934938,0.9025192787780107,0.12329406910920204,-0.745725578565995,-1.2002219736233812,-1.2969313938817444,,,,0.8327070081147359,2.2387724999527903,1.3797992486842559,-2.0891351637374584,-0.705891799107906,0.7664899336227827,-0.15899487519792463,0.19499819666174356,-0.08245012754533336,-0.46998333288349337,-0.7568783275704056,-1.0511980357158461,-2.440627433661358,-1.9185006758933838,-1.4212069301956591,-1.066346254158708,-1.4314591412852828
2023,5,0.41,28.39,,-1.12,0.46,-1.919,0.38795210495253174,-0.812180853863702,-1.5278289785634875,0.5736328285016556,0.5629615115689846,1.3250108948634813,0.9003375657082686,0.12047946544950643,-0.7475446420329305,-1.228209406158516,,,,,1.2755567806293298,-1.1232682850447406,1.3775266540013669,-2.086935503842631,-0.7044502784209387,1.6360010028557093,0.5471250876340431,0.19267345261874227,-0.0847837482632209,-0.47094485243211465,-0.9525238445789996,-1.8391594012114238,-2.4387957230696884,-1.9183856407099662,-1.4211770688880008,-2.111556591513149
2023,6,-0.28,28.57,,0.8,0.84,-2.268,-0.28100161190038453,0.38930350410470554,-0.8116071384147954,-1.5253592867097139,-0.2213600477259078,1.5018678504341434,1.3232852917052291,0.8980953572361466,0.11844677492271531,-1.2772965402465368,,,,,0.9688612282079294,0.830345399816915,-1.1233496133410117,1.375828491117232,-2.0840907531653947,0.9362568470042927,0.9652757706636487,0.5448316352287591,0.19035881217983083,-0.08603440513056898,-0.8977048495029738,-2.1702514253833907,-1.837944976421643,-2.438292520847784,-1.9179402095090103,-1.9002641797918702
2023,7,-2.14,28.32,,-0.62,1.02,-2.196,-2.0842681529821587,-0.27926440476481157,0.3885483775100401,-0.8095739570984632,0.9115488712556034,1.2562331899193346,1.5003331770062822,1.321354640107356,0.8958708878715306,-1.1987571257057064,,,,,0.8442661600367356,-0.6145147212786846,0.8285538148286496,-1.1222358571529336,1.3751548489512193,0.7638561129539436,1.1633471468355672,0.9630194770781539,0.542541289546937,0.18890162865624935,-0.7551754623053067,-2.101945907502641,-2.168697201311497,-1.8378900399600306,-2.4374125222726946,-1.0645272298585977
2023,8,-1.62,28.2,,-1.07,1.35,-1.976,-1.5801291199915553,-2.081490941717423,-0.27928009506103774,0.3898501087366049,0.5726444937825017,1.1383285528722256,1.2544333363103748,1.4985329445650715,1.3190257847930378,-0.7471554920959211,,,,,,-1.072392928668135,-0.615041428921829,0.8274729024725614,-1.1203713038953704,-0.7066207362990332,1.5264780031507512,1.1611084547962884,0.9607579814203756,0.5408197519033768,-0.4701166879099728,-1.8932346028670173,-2.100461785288376,-2.1683955065685887,-1.8375118915037039,-1.418253365552703
2023,9,-0.28,28.32,,-0.25,1.6,-2.464,-0.28100161190038453,-1.5776426625693811,-2.0795133689482914,-0.27757134725226373,-1.5285626465507285,1.2562331899193346,1.1364014127763382,1.2524519661515774,1.4961603928066918,0.11677806785323415,,,,,,-0.23803708409180294,-1.0725187948990935,-0.614499201000461,0.8273564251556264,-2.085826608701825,1.8015771367228601,1.5242715806128684,1.1588606249393727,0.9587225232593406,-0.08638372237779224,-2.3561942240587648,-1.891964680773281,-2.100210997698056,-2.1677411030784324,-1.9134699555244499
2023,10,-1.7,28.44,,-0.58,1.72,-1.971,-1.6576889712208787,-0.27926440476481157,-1.5762223461411018,-2.0767074460048662,-0.8120219627504563,1.374137826966444,1.2544333363103748,1.1343330965130993,1.2501401038988387,0.89235478644395,,,,,,-0.5738144361774,-0.23889337245163392,-1.0714621915376863,-0.6131505411216732,1.3723292919551755,1.9336247208374724,1.7993951607769438,1.5220488047242011,1.1566764675858496,0.1877112530023367,-1.8884911641252986,-2.354449167152218,-1.8918694428158696,-2.0996135866504084,-2.43132501818062
2023,11,-0.47,28.72,,-0.11,2.02,-1.731,-0.46520625857002806,-1.6551577824383106,-0.27928009506103774,-1.5737231603320958,0.38866783172567515,1.6492486467430272,1.3724652598444114,1.2524519661515774,1.1320503652230682,1.3145041396009223,,,,,,-0.09558608623730722,-0.5743767741682944,-0.23877407544763116,-1.0696492276180005,-1.1224107419498752,2.2637436811240037,1.9314544792557,1.7971913651672529,1.51959203218445,0.5385528214889018,-1.6608061045227998,-1.8872261102161199,-2.3540088918272635,-1.8914461753425564,-1.8332920314337864
2023,12,1.7,28.62,,0.67,2.03,-1.705,1.638604706025375,-0.4633628144535192,-1.6536517342652848,-0.27757134725226373,-0.279457941007011,1.5509947825371058,1.6478730814238252,1.3705708357900555,1.2501401038988387,1.491217822317794,,,,,,0.6980694732377404,-0.09656708081426278,-0.5738802685082631,-0.23780717666913742,0.8247034308540668,2.2747476464668877,2.2616027754525905,1.9292597941799174,1.7945280659712683,0.9551771840666978,-1.6361402230658624,-1.6597747234723803,-1.8871344074776382,-2.353199342243609,-2.1624931550530997
2024,1,-0.27,28.35,,-1.21,1.81,-1.357,-0.2713066304967191,1.6392348119911944,-0.46317489185597216,-1.6511053581279065,-2.0804926327212083,1.285709349181113,1.5495131451454642,1.6461815316131663,1.3682298425746091,1.245782151877694,,,,,,-1.2148439265226307,0.6963936868796622,-0.09660781172493879,-0.5725728800997774,-0.6153497594488485,2.032660408923432,2.2726077186591533,2.25943086671158,1.9264973621889412,1.1525255663403906,-1.305996886642239,-1.6351341565751418,-1.6598527112425263,-1.8867150978128326,-2.094577736999832
2024,2,0.79,28.27,,-0.55,1.52,-1.182,0.7563613982918189,-0.2695750147811954,1.63709726101249,-0.46135406701731446,-1.5769775576183145,1.2071062578163723,1.2839413171938847,1.5477491402477708,1.6437725661514024,1.1279730300664448,,,,,,-0.5432892223514367,-1.2148450865364646,0.6954613718729186,-0.09578536309250224,-1.0717046436997724,1.7135454139797852,2.030498968114767,2.2704365691293016,2.256420602733123,1.5143309338421609,-1.1399765306820835,-1.3053296457967192,-1.6352305274837227,-1.6596233763860853,-1.8870584040592902
2024,3,-0.63,28.41,,0.82,1.13,-1.179,-0.6203259610286753,0.7575003234821208,-0.26960142154551486,1.637638048194055,-0.279457941007011,1.3446616677046657,1.2052533681711926,1.2819816835611977,1.5453644505882633,1.245782151877694,,,,,,0.8506955423675572,-0.5438782831031436,-1.2136284552603787,0.6954790268344652,-0.24012463239808887,1.284390765607295,1.7113556151244396,2.0283111159394163,2.2674180440845952,1.7884259092222898,-1.1371304674370524,-1.1394796762960757,-1.3056720679428104,-1.635021773231521,-2.347374015309219
2024,4,-0.99,28.59,,-0.69,0.77,-1.655,-0.9693452915606317,-0.6183930541913782,0.7563379710999091,-0.26789857252778737,-1.6544414153264517,1.5215186232753277,1.3429572789609012,1.2032357704688779,1.2796625385677822,1.3635912736889428,,,,,,-0.6857402202059324,0.8488861422054169,-0.5434160691391148,-1.2116710411946356,-0.5747848808487663,0.8882480132634583,1.2821628300684815,1.7091457458254762,2.0254743343521957,1.9199914974047516,-1.588705835648675,-1.136636533961779,-1.1399458311047082,-1.3057387771627376,-1.882342055583369
2024,5,-0.36,28.16,,0.85,0.23,-2.636,-0.3585614631297081,-0.9672110936015611,-0.618033668104338,0.7574155482667065,-0.46343460306383755,1.099027007189857,1.5200051642619543,1.3410411183804352,1.2009360461172673,1.6384792245818527,,,,,,0.8812207561935206,-0.6862045747405146,0.8477823687186603,-0.5421396343333557,-0.09814755729780143,0.2940338847477028,0.8859848746322128,1.2799233515343154,1.7065485351594862,2.2489054678609066,-2.519368516773889,-1.5877484510035293,-1.1371048099017693,-1.1401510636224008,-1.6559573287391416
2024,6,0.22,27.9,,-1.24,0.17,-2.78,0.20374745828288812,-0.3567795246337411,-0.9664659146631612,-0.6161184626089362,1.6377725372693928,0.8435669602544544,1.0970574382649938,1.5182194228381505,1.3387074079056658,1.5403049564058149,,,,,,-1.245369140348594,0.8793846332705678,-0.685582332861807,0.8476452556665742,0.6928675754038,0.22801009269039665,0.29171794147780944,0.8837180644963212,1.2776483224520496,2.2598692668761116,-2.6559795525353884,-2.5174559943185653,-1.5878801741014077,-1.1373124171045668,-1.6314323166643503
2024,7,1.48,27.34,,-1.61,0.04,-2.18,1.4253151151447352,0.205205094415998,-0.3567094831852206,-0.964338352690085,-0.2697749587934938,0.29334532070128416,0.8413216039412487,1.094960139966941,1.5158420159193198,1.275234432330507,,,,,,-1.6218467775354757,-1.2453435776016155,0.8782465680878087,-0.6841614479099908,-1.2136817188000597,0.08495854323289996,0.22568828223843135,0.2894101339393294,0.8817404337990316,2.0186656885415983,-2.0867669035291416,-2.6539268263648084,-2.516894107462427,-1.587710997934282,-1.3031744627402206
2024,8,0.69,26.73,,-1.18,-0.12,-1.983,0.6594115842551643,1.426068232351638,0.2046535807151057,-0.3549535450480745,0.7566211558393284,-0.30600325095484854,0.29050596078241725,0.8390359224169058,1.0926871189978125,1.1966950177896731,,,,,,-1.1843187126966672,-1.6214916340718109,-1.244092654629527,0.878078501432996,-0.5443612218987048,-0.09110490225324981,0.08262402055311201,0.22337591943299703,0.2878786008195039,1.7007155171006485,-1.8998754171054235,-2.08529835950546,-2.653263125203494,-2.5159484092661115,-1.1381022660829716
2024,9,-1.25,26.45,,0.41,-0.26,-2.76,-1.2214148080559335,0.6606064236459589,1.424166443670987,0.2060673889715541,-0.6183623184801126,-0.5811140707314354,-0.30948965051559624,0.28781453077068053,0.8368260185336436,1.3341389932361298,,,,,,0.4335176200793912,-1.1843465954713135,-1.619817780182357,-1.2421042869610575,0.8449858701541079,-0.24516041705363087,-0.09345507075189637,0.08030178800261013,0.22189395271066753,1.2731273555076472,-2.6370057975685133,-1.8985986795533067,-2.085058884615715,-2.6522034421221594,-1.1352724569974189
2024,10,0.1,26.44,,1.11,-0.27,-3.095,0.0874076814389027,-1.219135233175582,0.6595512359446803,1.424837004255575,-0.9669496781667315,-0.5909394571520258,-0.5848974720950136,-0.31262305655824424,0.28574057138005365,1.5108526759530017,,,,,,1.14577260935187,0.43207343098168716,-1.1831642558912303,-1.6174476514135934,-0.6863382969989922,-0.25616438239651523,-0.2475242756437787,-0.09578945068094297,0.07892721514152201,0.8784305909602618,-2.9548161932636683,-2.6349725441361636,-1.898498492289394,-2.084474138555292,-1.5842688319051363
2024,11,-0.38,26.45,,-0.79,-0.25,-2.88,-0.37795142593703906,0.08893241461260369,-1.2181114260667558,0.6606878010219429,-0.35692179871514845,-0.5811140707314354,-0.594733465722848,-0.5882337523813587,-0.3145489335551076,1.0887033227960294,,,,,,-0.7874909329591436,1.1437048891685428,0.43143831067363275,-1.1812377954282138,0.8754095291041695,-0.2341564517107465,-0.25852921885034175,-0.24986928452905194,-0.09703184648204172,0.28638544413918315,-2.750848327369763,-2.9524567714659673,-2.634322983850568,-1.8980696838841702,-2.509616402880915
2024,12,1.03,26.0,,-0.63,-0.6,-1.97,0.9890409519797898,-0.3761583046009735,0.08850949852883129,-1.2158304955264705,0.20469116966884854,-1.0232564596580904,-0.5848974720950136,-0.5980769915178964,-0.5900916571319043,0.8334502255383237,,,,,,-0.6246897925540057,-0.7878662116243512,1.1422696292870946,0.4317242301921426,-1.2441053777501214,-0.6192952387116991,-0.23651933243721568,-0.260874986946774,-0.25099602540266,0.22060265004795218,-1.8875424763769548,-2.7486982375080333,-2.951570351512079,-2.633279132003264,-2.6454472389874515
2025,1,-1.12,25.8,,-0.72,-0.74,-1.228,-1.0953800498082826,0.9900456830889095,-0.37606683021626636,0.08999409227783786,1.4247469285720147,-1.2197641880699366,-1.0275171853476464,-0.5882337523813587,-0.5999324686882165,0.2836743237525005,,,,,,-0.7162654340318958,-0.6252075926102127,-0.7871296640923017,1.1418332980753185,-1.6193305048008813,-0.7733507535120802,-0.6216923446669215,-0.23886358211132985,-0.2619934667541327,0.07807326285028512,-1.1836161671058958,-1.8862783961046876,-2.747963831968124,-2.9502613264947657,-2.0794854218768837
2025,2,1.36,26.32,,1.38,-0.43,-1.29,1.3089753383007499,-1.0931731633885715,0.988626135472458,-0.37429909449702725,0.6597913337041564,-0.708844094199135,-1.2242370579043715,-1.0311795135256472,-0.5900916571319043,-0.31518871212134353,,,,,,1.4204995337855402,-0.7167030658056656,-0.6246539341235103,-0.7856056004647303,-1.1832580598499982,-0.43222782788266495,-0.7757615495588038,-0.6240631667316022,-0.23999858405118724,-0.09734752139299739,-1.242434807503208,-1.183074525421959,-1.8861874004099917,-2.7468249927166375,-1.8936612919255802
2025,3,-0.09,27.29,,-0.18,0.01,-1.077,-0.09679696523074088,1.3097955525482439,-1.0922886703649586,0.9895621416541389,-1.2187072157181782,0.2442183885983217,-0.7127653892568846,-1.2280442962564415,-1.0329281771660395,-0.5900766630142569,,,,,,-0.16681158516455508,1.4181913087549014,-0.7160465322309554,-0.6232949563771472,0.42919586450326613,0.051946647204246875,-0.4346083101553501,-0.7781430005797112,-0.6249090313527329,-0.25084070760586963,-1.0403643171059902,-1.2418328003307586,-1.1835081562164378,-1.8857688823068877,-2.626581845083766
2025,4,0.05,27.68,,-0.88,-0.14,-1.089,0.038932774420575446,-0.09516599507610393,1.3080223614847126,-1.0900844241082779,0.08849538310664226,0.6274084590014238,0.2413259926432351,-0.7161958611563746,-1.2297444082923212,-0.599894089831859,,,,,,-0.8790665744370337,-0.16773022663294834,1.4164474236094295,-0.7145946936764126,1.1390812400047035,-0.11311283293901855,0.049609190933422934,-0.4369662256303271,-0.7788732102733511,-0.2618045066210748,-1.051748570086115,-1.0399696945956896,-1.2422225944105085,-1.1836769768958608,-2.9425771929705
2025,5,0.5,27.8,,-0.69,-0.13,-1.617,0.4752069375855208,0.04048546469452274,-0.09538529826610319,1.3087637075618588,-0.3762877631421829,0.745313096048533,0.6249297441288512,0.23859833508798103,-0.718022207363987,-0.5900766630142569,,,,,,-0.6857402202059324,-0.879361684819804,-0.16769094358628497,1.4157325099731148,-0.7877504934991976,-0.10210886759613418,-0.11546495716502243,0.04728468074944392,-0.43795252837769644,-0.23987690859066446,-1.5526557012116127,-1.0513422639328764,-1.0405100890018466,-1.2423423382644372,-2.7397742085058794
2025,6,1.01,27.66,,-2.2,-0.07,-2.741,0.9696509891724588,0.4765080139572513,0.040116130951216945,-0.09378862748721292,0.989012728963741,0.6077576861602396,0.7429616676628877,0.6224846614130322,0.23653651359848235,-1.0318608698064367,,,,,,-2.2221759827794223,-0.6862045747405146,-0.8785222621997467,-0.16679626988081983,-0.6254909790988691,-0.03608507553882801,-0.1044600139584594,-0.11780085551638712,0.04593489108710381,-0.6236098741228449,-2.6189807303499824,-1.5517353147691038,-1.0518741738136024,-1.040798435498199,-1.8813987858881847
2025,7,0.51,27.15,,1.11,-0.14,-3.714,0.4849019189891862,0.9706669031216771,0.4756564391497459,0.04163021865545607,-1.092828446942455,0.10666297871002828,0.6052577568731791,0.7406035310515103,0.6203281642947339,-1.228209406158516,,,,,,1.14577260935187,-2.2212952916864466,-0.685582332861807,-0.8769053377639957,-0.7167619559490538,-0.11311283293901855,-0.03843035471908127,-0.10679515309866504,-0.11902672918498719,-0.7771030603357171,-3.5420539094884465,-2.616965976018951,-1.5518939055308483,-1.0521530215695363,-1.1814926720614485
2025,8,0.21,26.49,,-1.6,-0.36,-2.805,0.19405247687922267,0.4861974039408675,0.9692687884414123,0.4769050812568921,1.3085511420098084,-0.5418125250490669,0.10362208185352637,0.6027981831399531,0.7384179029705045,-0.717703211643108,,,,,,-1.6116717062601547,1.1437048891685428,-2.2189470344422744,-0.6841614479099908,1.4128941705552576,-0.35520007048247443,-0.11546495716502243,-0.04076093859233263,-0.10802928783351445,-0.4372252908643573,-2.679696746243982,-3.5390918064425287,-2.6163298495652887,-1.5517548087083803,-1.2399753931628739
2025,9,-0.63,26.25,,0.52,-0.47,-2.075,-0.6203259610286753,0.19551570443238178,0.4853351126652688,0.9702165922051862,-0.09548127895018435,-0.7776217991432817,-0.5455534975836693,0.10079298717642383,0.600646541182106,0.23458718966447975,,,,,,0.5454434041079236,-1.6113254703834272,1.1422696292870946,-2.215968151486556,-0.16913609484794515,-0.47624368925420235,-0.35757370770940894,-0.11780085551638712,-0.04204463972467806,0.04518186580466965,-1.9871546899530481,-2.6776196791506153,-3.5377677263851375,-2.6153010373903136,-1.039058948088622
2025,10,-0.53,26.22,,-0.84,-0.5,-2.276,-0.5233761469920208,-0.6183930541913782,0.1949749071995828,0.4865778559813685,0.04008047203905631,-0.8070979584050598,-0.7816173446517389,-0.5488607958352004,0.09876515181008398,0.6174668355510367,,,,,,-0.8383662893357492,0.5439012315539073,-1.6096630470593074,1.1418332980753185,-0.8790214703493823,-0.5092555852828554,-0.4786280829816022,-0.35992630870627257,-0.11902672918498719,-0.11927511942340774,-2.1778409273701405,-1.9857883778050736,-2.6769383018946518,-3.5359687246745843,-1.0503781844308335
2025,11,-0.96,26.01,,-9999.0,-0.7,-1.678,-0.9402603473496353,-0.5214991543552163,-0.618033668104338,0.19639461424707774,0.4758146716473299,-1.0134310732374965,-0.811125325535249,-0.7850985351121531,-0.5507284109066486,0.7352759573622858,,,,,,-10174.0374284958,-0.8386970300662694,0.5431403750271767,-1.6073032361581194,-0.6863382969989922,-0.7293348921405427,-0.5116429126012912,-0.4809890353012153,-0.3609704389173873,-0.10831132040820256,-1.610525653860581,-2.176278914202955,-1.9856231425128537,-2.6758588297707795,-1.5484245834881336
2025,12,-0.69,25.93,,-9999.0,-0.67,-1.223,-0.678495849450668,-0.9381429236507125,-0.5212469329491094,-0.6161184626089362,0.9696467645367067,-1.0920341646022371,-1.0176811917198085,-0.8146282525217735,-0.7869078882581861,0.5978319819158291,,,,,,-10174.0374284958,-10165.131811295058,-0.8379033297075489,0.543312798002356,-2.217662464152092,-0.6963229961118897,-0.7317417767325517,-0.5140061425543815,-0.4819422937835873,-0.04252852631697162,-1.1788727283641771,-1.6095458755664709,-2.1759715631097594,-1.98512151043109,-2.6086597208752647
2026,1,-0.93,25.96,,,-0.58,,-0.911175403138639,-0.6765293940930753,-0.9374298941165926,-0.5193907153641726,0.4854976538608471,-1.0625580053404589,-1.0963691407425007,-1.021336274389106,-0.8164303229271297,0.09714321421802305,,,,,,,-10165.131811295058,-10153.70255548452,-0.8363276767420998,1.1390812400047035,-0.5972873080259303,-0.6987269471128628,-0.7341201909088229,-0.5149346178380055,-0.11927511942340774,,-1.178335954864798,-1.6096613366572725,-2.1753108271259904,-3.5264611342895695
2026,2,0.33,26.41,,,-0.34,,0.31039225372320817,-0.909074753699864,-0.6761057091974753,-0.935320028516656,0.19500818745533136,-0.6204156164138039,-1.0668611598589908,-1.1000821874814257,-1.0230873656097237,-0.5508069557438416,,,,,,,,-10153.70255548452,-10143.385010743676,-1.6091892851508607,-0.33319213979670576,-0.5996824582537954,-0.7011030836556568,-0.7348834448674602,-0.3604786977579212,,,-1.1787731208782064,-1.6094739545710117,-2.6690289813670587
